N=CN(CC=O)C=O,-52.61285329
O=CCC(C=O)C=O,-89.53932348
O=CCN(C=O)C=O,-97.36590142
CC#CC(C#C)C#C,171.5926581
CC#CC(C#C)C#N,144.7481497
CC#CC(C=O)C#C,79.98269593
CC#CC(C=O)C#N,53.90312166
CC#CC(C=O)C=O,-8.054227123
CN=C(NC=N)C#N,58.59051163
CN=C(NC=O)C#C,35.80371301
CN=C(OC=O)C#C,-4.273761835
CN=C(OC=O)C#N,-26.64663749
CN=C(NC=N)C=O,0.44277303
CN=C(NC=O)C=O,-52.0782152
CN=C(OC=O)C=O,-87.87607525
NC=[NH+][C-](C#N)C#N,96.96321776
NC=NC(C=O)C#N,18.51931189
CN=CN(C=N)C=N,39.89524841
CN=CN(C=N)C=O,-12.11808463
CN=CN(C=O)C=O,-56.59565609
NC=NC(C=O)C=O,-43.54785105
CC#CC(CO)C#C,61.11863264
CC#CC(CO)C#N,33.54997833
CCC(C#C)C#CC,89.91941371
CCC(C#N)C#CC,61.55633237
CNC(C#N)C#CC,80.85197005
COC(C#C)C#CC,71.26608877
COC(C#N)C#CC,44.13229854
CC#CC(CO)C=O,-26.33345155
CCC(C=O)C#CC,0.946246488
CNC(C=O)C#CC,19.24351655
COC(C=O)C#CC,-17.99636033
CCN(C=O)C=NC,-43.20951858
COC(CC#C)=NC,28.0449648
COC(CC#N)=NC,-6.291379474
CCC(CC#C)C#C,93.67380305
CCC(CC#C)C#N,66.16287961
CCC(CC#N)C#C,66.20115769
CCC(CC#N)C#N,39.52168434
CNC(CC#C)C#N,84.06168114
CNC(CC#N)C#C,84.81657507
CNC(CC#N)C#N,57.60309113
COC(CC#C)C#C,72.76520896
COC(CC#C)C#N,45.84351695
COC(CC#N)C#C,44.54331726
COC(CC#N)C#N,18.92056991
NCC(CC#N)C#N,53.29398339
OCC(CC#C)C#C,65.80110853
OCC(CC#C)C#N,38.90326188
OCC(CC#N)C#C,38.49977327
OCC(CC#N)C#N,12.66618272
CCC(CC#C)C=O,7.895286691
CCC(CC#N)C=O,-19.46315194
CCN(CC#C)C=O,5.318453235
CCN(CC#N)C=O,-21.76576374
CNC(CC#N)C=O,-3.788871589
COC(CC#C)C=O,-14.78225667
COC(CC#N)C=O,-42.96775283
OCC(CC#C)C=O,-18.79392491
OCC(CC#N)C=O,-46.93361287
CC#CC(CO)CO,-41.09925029
CCC(CC)C#CC,12.24654242
CCC(CO)C#CC,-14.91392882
CCC(OC)C#CC,-10.47053405
COC(CO)C#CC,-39.66162602
CCC(CC#C)OC,-3.999656083
CCC(CC#N)OC,-33.00467964
CCC(CC)CC#C,20.58990873
CCC(CC)CC#N,-7.827765938
CCC(CO)CC#C,-6.293203306
CCC(CO)CC#N,-36.55387337
CCN(CC)CC#N,14.28413437
COC(CO)CC#C,-32.98931751
COC(CO)CC#N,-61.8845269
OCC(CO)CC#C,-38.25161218
OCC(CO)CC#N,-65.27182319
CCC(CC)CC=O,-64.98466704
CCC(CC)NC=O,-74.69440099
CCC(CC)OC=O,-112.7531778
CCC(CC=O)OC,-89.87104385
CCC(CO)CC=O,-92.84732141
CCC(CO)NC=O,-103.1368741
CCC(CO)OC=N,-84.76778853
CCC(CO)OC=O,-140.5599838
COC(CO)CC=O,-119.8496602
OCC(CO)CC=O,-124.2428543
OCC(CO)NC=O,-134.6133557
OCC(CO)OC=N,-119.0467275
OCC(CO)OC=O,-166.3901349
CCC(NC=O)=NC,-43.66258044
CCC(OC=O)=NC,-79.96684066
CN=C(CO)NC=O,-73.34626737
CN=C(CO)OC=O,-105.9789695
CNC(NC=O)=NC,-39.99945943
COC(CC=O)=NC,-66.62159612
COC(NC=O)=NC,-73.0638881
CCC(CC=O)C#C,7.776059886
CCC(CC=O)C#N,-20.04799079
CCC(NC=O)C#C,2.031558473
CCC(NC=O)C#N,-25.13925482
CCC(OC=N)C#C,21.83575829
CCC(OC=N)C#N,-4.278328999
CCC(OC=O)C#C,-33.81085475
CCC(OC=O)C#N,-59.2089537
CNC(CC=O)C#N,-3.835934801
COC(CC=O)C#C,-14.11144902
COC(CC=O)C#N,-40.48344272
NCC(NC=O)C#N,-11.14607242
NCC(OC=N)C#N,8.819397345
NCC(OC=O)C#N,-46.18339095
OCC(CC=O)C#C,-22.41716476
OCC(CC=O)C#N,-47.31639366
OCC(NC=O)C#C,-27.02399145
OCC(NC=O)C#N,-53.77751092
OCC(OC=N)C#C,-5.430134536
OCC(OC=N)C#N,-31.04221423
OCC(OC=O)C#C,-60.63309836
OCC(OC=O)C#N,-85.47961647
CCC(CC=O)C=O,-77.9516282
CCC(NC=O)C=O,-87.7969042
CCC(OC=N)C=O,-65.60126567
CCC(OC=O)C=O,-121.3746356
CCN(CC=O)C=O,-82.29866596
COC(CC=O)C=O,-100.9711642
OCC(CC=O)C=O,-108.154893
OCC(NC=O)C=O,-116.4320228
OCC(OC=N)C=O,-93.71115878
OCC(OC=O)C=O,-149.2008944
CCN=C(NC)C#N,31.56094668
CCN=C(NC)C=O,-28.02441619
CCNC(=NC)C#N,31.4699578
CCOC(=NC)C#C,17.50531523
CCOC(=NC)C#N,-7.314847469
CCCC(C#C)C#C,97.00085842
CCCC(C#C)C#N,69.26277654
CCCC(C#N)C#N,43.81761438
CCNC(C#C)C#N,87.46968523
CCNC(C#N)C#N,62.24666143
CCOC(C#C)C#C,75.42898679
CCOC(C#C)C#N,48.93086369
CCOC(C#N)C#N,25.15801434
COCC(C#C)C#C,75.86196835
COCC(C#C)C#N,48.2845289
[NH3+]CC[C-](C#N)C#N,55.55678265
OCCC(C#C)C#C,70.984337
OCCC(C#C)C#N,43.48345372
CCNC(C=O)=NC,-25.30855507
CCOC(C=O)=NC,-66.90585792
CCCC(C=O)C#C,8.139387887
CCCC(C=O)C#N,-19.12115926
CCNC(C=O)C#C,24.80011317
CCNC(C=O)C#N,0.080351988
CCOC(C=O)C#C,-14.54882314
CCOC(C=O)C#N,-40.19039578
CNCC(C=O)C#N,-1.90446056
COCC(C=O)C#C,-13.65148456
COCC(C=O)C#N,-40.32719285
OCCC(C=O)C#C,-18.02271573
OCCC(C=O)C#N,-45.00778621
CCCC(C=O)C=O,-79.23363011
CCCN(C=N)C=O,-35.66246182
CCCN(C=O)C=O,-89.54389065
CCNC(C=O)C=O,-60.6753161
CCOC(C=O)C=O,-103.5257554
COCC(C=O)C=O,-101.5145875
OCCC(C=O)C=O,-103.4335115
OCCN(C=N)C=O,-75.2237758
OCCN(C=O)C=O,-116.6616912
CCCC(OC)=NC,-51.62589675
CCOC(CC)=NC,-58.12752268
CCOC(CO)=NC,-84.66613199
COC(CCO)=NC,-74.99746562
COCC(OC)=NC,-72.20253831
CCC(CCO)C#C,-7.646113788
CCC(CCO)C#N,-36.61976187
CCC(COC)C#C,-3.618757817
CCC(COC)C#N,-31.4296308
CCCC(CC)C#C,19.85635012
CCCC(CC)C#N,-10.35851175
CCCC(CO)C#C,-8.782533492
CCCC(CO)C#N,-37.98459503
CCCC(NC)C#N,9.772968578
CCCC(OC)C#C,-3.340143598
CCCC(OC)C#N,-31.11587605
CCNC(CC)C#N,7.822669052
CCNC(CN)C#N,19.14328849
CCNC(CO)C#N,-20.53320778
CCOC(CC)C#C,-6.729949917
CCOC(CC)C#N,-34.61737906
CCOC(CN)C#N,-21.35712775
CCOC(CO)C#C,-32.09009639
CCOC(CO)C#N,-61.69690156
CNC(CCO)C#N,-14.28258565
CNC(COC)C#N,-10.79928041
CNCC(NC)C#N,25.33492473
CNCC(OC)C#N,-12.7928781
COC(CCO)C#C,-29.92769866
COC(CCO)C#N,-57.29429491
COCC(CO)C#C,-29.23492817
COCC(CO)C#N,-58.54680387
COCC(OC)C#C,-22.66615872
COCC(OC)C#N,-50.01643973
OCCC(CO)C#C,-34.98040515
OCCC(CO)C#N,-64.20568454
CCC(CCO)C=O,-94.08414263
CCC(COC)C=O,-89.75369957
CCCC(CC)C=O,-67.49282251
CCCC(CO)C=O,-94.2937308
CCCC(OC)C=O,-90.64037049
CCCN(CC)C=O,-71.46774714
CCN(CCO)C=O,-101.3428245
CCOC(CC)C=O,-94.10798799
CCOC(CO)C=O,-121.5903716
COC(CCO)C=O,-117.1212489
COCC(CO)C=O,-119.6237568
COCC(OC)C=O,-110.4683932
OCCC(CO)C=O,-121.2163759
CCC(CC)CCO,-79.17127451
CCC(CC)COC,-75.51979673
CCC(CCO)OC,-105.0077007
CCC(CO)CCO,-107.1776285
CCC(CO)COC,-106.8757965
CCC(COC)OC,-101.4403092
CCCC(CC)CC,-52.54795141
CCCC(CC)CO,-79.95942644
CCCC(CC)OC,-78.20741992
CCCC(CO)CO,-109.2346047
CCCC(CO)OC,-108.1998415
CCOC(CC)CC,-81.67001734
CCOC(CC)CO,-111.598433
CCOC(CO)CO,-140.8855339
COC(CO)CCO,-134.9668643
COCC(CO)CO,-133.8699777
COCC(CO)OC,-130.3615721
OCCC(CO)CO,-136.2871443
CC(=O)C(C#C)C#C,80.83046126
CC(=O)C(C#C)C#N,53.27121959
CC(=O)C(C#N)C#N,29.27497686
NC(=[NH2+])[C-](C#C)C#N,88.72931755
NC(=[NH2+])[C-](C#N)C#N,61.1976863
NC(=O)C(C#C)C#C,74.13528295
CC(=O)C(C=O)C#C,-9.754150359
NC(=O)C(C=O)C#C,-16.37528254
CC(=N)N(C=N)C=O,-15.54114895
CC(=N)N(C=O)C=O,-59.98985497
CC(=O)N(C=N)C=N,-9.314999695
CC(=O)N(C=N)C=O,-62.45659482
CC(=O)N(C=O)C=O,-113.7457819
NC(=N)N(C=N)C=O,-17.01921328
NC(=N)N(C=O)C=O,-58.36237478
NC(=O)N(C=N)C=N,-25.90098274
NC(=O)N(C=N)C=O,-77.82081686
NC(=O)N(C=O)C=O,-116.2485692
CC(C)C(C#C)C#C,96.32816823
CC(C)C(C#C)C#N,68.45140676
CC(C)C(C#N)C#N,42.8217568
CC(O)C(C#C)C#C,64.55424716
CC(O)C(C#C)C#N,39.71839672
CN(C)C(C#C)C#N,94.26624063
CN(C)C(C#N)C#N,67.12429277
CC(C)C(C=O)C#C,7.592199603
CC(C)C(C=O)C#N,-19.41859877
CC(O)C(C=O)C#C,-23.58307741
CC(O)C(C=O)C#N,-47.8409916
CN(C)C(C=O)C#C,30.25630827
CN(C)C(C=O)C#N,3.156403557
CC(C)C(C=O)C=O,-77.32913878
CC(C)N(C=N)C=O,-44.81782543
CC(C)N(C=O)C=O,-89.38701327
CC(O)C(C=O)C=O,-106.4982679
CN(C)C(C=O)C=O,-57.21209117
CN=C(C#N)N(C)C,37.42941552
CN=C(C=O)N(C)C,-17.18732712
CNC(=NC)C(C)=O,-32.84619919
CNC(=NC)C(N)=O,-41.27518624
CNC(=[NH+]C)C([O-])=O,-81.70030135
CC(=O)C(CO)C#C,-30.34951235
CC(=O)C(CO)C#N,-54.9745196
CCC(C#C)C(C)=O,-0.074711469
CCC(C#C)C(N)=O,-7.019011045
CCC(C#N)C(C)=O,-27.99979118
CCC(C#N)C(N)=O,-34.86439705
C[NH2+]C(C#C)C([O-])=O,-29.83272397
CNC(C#N)C(C)=O,-9.588941897
CNC(C#N)C(N)=O,-14.7912751
COC(C#C)C(C)=O,-18.47201253
COC(C#C)C(N)=O,-25.29206523
COC(C#N)C(C)=O,-44.234067
COC(C#N)C(N)=N,3.585340606
COC(C#N)C(N)=O,-51.305751
NC(=O)C(CO)C#C,-38.21499587
NC(=O)C(CO)C#N,-61.83285037
[NH3+]CC(C#C)C([O-])=O,-35.59953628
NCC(C#N)C(N)=O,-21.25650548
[NH3+]CC(C#N)C([O-])=O,-67.7791304
CC(C)C(CO)C#C,-8.076585304
CC(C)C(CO)C#N,-37.5070603
CC(O)C(CO)C#C,-40.94739299
CC(O)C(CO)C#N,-69.03186011
CCC(C#C)C(C)C,19.75532109
CCC(C#C)C(C)O,-13.15941225
CCC(C#N)C(C)C,-9.684566548
CCC(C#N)C(C)O,-41.75529962
CCC(C#N)N(C)C,11.67055731
CN(C)C(CN)C#N,24.6791773
CN(C)C(CO)C#N,-14.05291717
CNC(C#N)C(C)C,6.767825582
CNC(C#N)C(C)N,19.91198763
CNC(C#N)C(C)O,-21.94071159
COC(C#C)C(C)C,-3.89046943
COC(C#C)C(C)O,-32.22563845
COC(C#N)C(C)C,-31.83688446
COC(C#N)C(C)N,-18.70150755
COC(C#N)C(C)O,-60.17958359
CC(=O)C(CO)C=O,-114.7487628
CCC(C=O)C(C)=O,-87.42074656
CCC(C=O)C(N)=O,-94.51062834
CCN(C=N)C(C)=O,-49.45386561
CCN(C=N)C(N)=O,-50.49957589
CCN(C=O)C(C)=N,-47.12078529
CCN(C=O)C(C)=O,-92.771172
CCN(C=O)C(N)=N,-47.47811765
CCN(C=O)C(N)=O,-108.0720156
CNC(C=O)C(C)=O,-71.82741493
CNC(C=O)C(N)=O,-80.75589955
COC(C=O)C(C)=O,-106.4825802
COC(C=O)C(N)=O,-116.283303
NC(=O)C(CO)C=O,-121.9258684
CC(C)C(CO)C=O,-93.90090986
CC(O)C(CO)C=O,-124.3068602
CCC(C=O)C(C)C,-66.44488165
CCC(C=O)C(C)O,-97.54046496
CCN(C=O)C(C)C,-71.37424822
CN(C)C(CO)C=O,-73.35966582
COC(C=O)C(C)C,-90.67174597
COC(C=O)C(C)O,-120.030383
CC(=O)C(CO)CO,-131.6443288
CCC(CC)C(C)=O,-74.16136597
CCC(CC)C(N)=O,-79.86633428
CCC(C[NH3+])C([O-])=O,-113.1789087
CCC(CO)C(C)=O,-101.6098641
CCC(CO)C(N)=O,-106.2154357
CCC([NH2+]C)C([O-])=O,-107.9222616
CCC(OC)C(C)=O,-97.04347743
CCC(OC)C(N)=O,-102.5181498
CCN(CC)C(C)=O,-74.69126344
CCN(CC)C(N)=O,-74.50956513
C[NH2+]C(CO)C([O-])=O,-138.695305
COC(C[NH3+])C([O-])=O,-93.69220619
COC(CO)C(C)=O,-125.7595447
COC(CO)C(N)=O,-131.5504818
NC(=O)C(CO)CO,-141.3477877
[NH3+]CC(CO)C([O-])=O,-144.7815196
CC(C)C(CO)CO,-108.1295605
CC(O)C(CO)CO,-141.1120648
CCC(CC)C(C)C,-50.25754173
CCC(CC)C(C)O,-82.86040286
CCC(CO)C(C)C,-79.63123897
CCC(CO)C(C)O,-111.0744625
CCC(OC)C(C)C,-77.70666734
CCC(OC)C(C)O,-110.4074199
COC(CO)C(C)C,-107.8509462
COC(CO)C(C)O,-136.2331785
C#CC1(CCC1)C#C,131.3920168
C#CC1(CCC1)C#N,103.6081267
C#CC1(CCN1)C#N,120.1251523
C#CC1(CCO1)C#C,106.5941188
C#CC1(CCO1)C#N,80.56160774
C#CC1(CNC1)C#N,121.1329326
C#CC1(COC1)C#C,107.5171853
C#CC1(COC1)C#N,81.09436331
N#CC1(CCC1)C#N,78.04311022
N#CC1(CCN1)C#N,95.2849093
N#CC1(CCO1)C#N,56.97010864
N#CC1(CNC1)C#N,96.06553112
N#CC1(COC1)C#N,56.95065585
O=CC1(CCC1)C#C,41.37028117
O=CC1(CCC1)C#N,14.4190962
O=CC1(CCN1)C#N,30.10027916
O=CC1(CCO1)C#C,16.65521446
O=CC1(CCO1)C#N,-8.129807713
O=CC1(CNC1)C#N,32.52309334
O=CC1(COC1)C#C,18.25034361
O=CC1(COC1)C#N,-7.35546099
O=CC1(CCC1)C=O,-44.74458028
O=CC1(CCN1)C=O,-32.13505633
O=CC1(CCO1)C=O,-69.7771668
O=CC1(COC1)C=O,-67.52440769
CCC1(CC)CCC1,-18.06266663
CCC1(CC)CCO1,-50.11143687
CCC1(CC)COC1,-42.49598158
CCC1(CCC1)OC,-45.05747536
CCC1(CO)CCC1,-46.50325725
CCC1(CO)CCO1,-79.92125322
CCC1(CO)COC1,-72.0334588
CCC1(COC1)OC,-68.87896854
COC1(CO)CCC1,-74.2460573
COC1(CO)COC1,-97.99977945
OCC1(CO)CCC1,-77.6477863
OCC1(CO)CCO1,-107.4017543
OCC1(CO)COC1,-102.7406137
CCC1(CCC1)C#C,54.22680066
CCC1(CCC1)C#N,25.15651611
CCC1(CCN1)C#N,40.89605745
CCC1(CCO1)C#C,25.82135058
CCC1(CCO1)C#N,-1.648157235
CCC1(COC1)C#C,28.95011294
CCC1(COC1)C#N,1.180028082
CNC1(CCC1)C#N,43.22035264
CNC1(CNC1)C#N,59.76812621
CNC1(COC1)C#C,47.1676893
CNC1(COC1)C#N,19.89521947
COC1(CCC1)C#C,30.44484057
COC1(CCC1)C#N,2.579374267
COC1(CNC1)C#N,20.97014324
COC1(COC1)C#C,6.869958624
COC1(COC1)C#N,-19.66330501
NCC1(CCN1)C#N,52.87618938
NCC1(CCO1)C#N,12.70835317
OCC1(CCC1)C#C,24.97546777
OCC1(CCC1)C#N,-3.230736194
OCC1(CCN1)C#N,12.17685262
OCC1(CCO1)C#C,-1.819165423
OCC1(CCO1)C#N,-28.50240383
OCC1(CNC1)C#N,13.24863885
OCC1(COC1)C#C,0.39845315
OCC1(COC1)C#N,-26.54833925
CCC1(CCC1)C=O,-31.93763404
CCC1(CCO1)C=O,-62.04865494
CCC1(COC1)C=O,-57.55192187
CNC1(COC1)C=O,-41.00979588
COC1(CCC1)C=O,-57.55819696
COC1(COC1)C=O,-80.0556451
OCC1(CCC1)C=O,-63.60927107
OCC1(CCO1)C=O,-87.97355997
OCC1(COC1)C=O,-87.50167283
C#CC1(CC#N)CC1,102.5614408
C#CC1(CC#N)CN1,116.9712896
C#CC1(CC#N)CO1,77.23141483
C#CCC1(CC1)C#C,130.8473385
C#CCC1(CC1)C#N,102.8588804
C#CCC1(CN1)C#C,147.2099968
C#CCC1(CN1)C#N,120.2330839
C#CCC1(CO1)C#C,104.7078252
C#CCC1(CO1)C#N,79.00036411
N#CCC1(CC1)C#N,76.13108877
N#CCC1(CN1)C#N,94.36372535
N#CCC1(CO1)C#N,53.31110075
O=CC1(CC#C)CC1,40.80050254
O=CC1(CC#C)CN1,54.64622021
O=CC1(CC#C)CO1,15.35752481
O=CC1(CC#N)CC1,13.23373076
O=CC1(CC#N)CN1,27.35806265
O=CC1(CC#N)CO1,-11.90992494
N=COC1(CC1)C#C,58.79531303
N=COC1(CC1)C#N,32.81551277
O=CCC1(CC1)C#C,43.49126328
O=CCC1(CC1)C#N,16.08136887
O=CCC1(CN1)C#C,59.87839442
O=CCC1(CN1)C#N,33.50640073
O=CCC1(CO1)C#C,17.20365776
O=CCC1(CO1)C#N,-7.551243954
O=CNC1(CC1)C#C,39.67698109
O=CNC1(CC1)C#N,12.52436557
O=COC1(CC1)C#C,3.39970378
O=COC1(CC1)C#N,-21.82708508
N=COC1(CC1)C=O,-31.03377715
O=CCC1(CC1)C=O,-47.08205317
O=CCC1(CN1)C=O,-31.07080022
O=CCC1(CO1)C=O,-72.02804338
O=CNC1(CC1)C=O,-53.89896832
O=COC1(CC1)C=O,-86.57245857
CC#CC1(CC1)C#C,124.3632829
CC#CC1(CC1)C#N,96.32525144
CC#CC1(CN1)C#C,140.4391693
CC#CC1(CN1)C#N,113.4421761
CC#CC1(CO1)C#C,99.53212689
CC#CC1(CO1)C#N,73.74057948
CC#CC1(CC1)C=O,33.81694932
CC#CC1(CN1)C=O,49.6317918
CC#CC1(CO1)C=O,9.733784674
CCC1(CC#C)CC1,56.26746155
CCC1(CC#C)CO1,25.92677217
CCC1(CC#N)CC1,27.35342687
CCC1(CC#N)CN1,42.24583039
CCC1(CC#N)CO1,-1.438569062
COC1(CC#C)CC1,33.97520902
COC1(CC#N)CC1,5.342926105
OCC1(CC#C)CC1,28.36276405
OCC1(CC#C)CN1,40.79093776
OCC1(CC#C)CO1,-2.798707753
OCC1(CC#N)CC1,-0.828629828
OCC1(CC#N)CN1,12.68576282
OCC1(CC#N)CO1,-30.41819034
CC#CC1(CO)CC1,19.8449501
CC#CC1(CO)CN1,33.84315258
CC#CC1(CO)CO1,-6.777745492
CCC1(CC1)C#CC,48.06089231
CCC1(CN1)C#CC,63.65987152
CCC1(CO1)C#CC,20.06144088
COC1(CC1)C#CC,26.28194255
CCC1(CC1)NC=O,-36.97744229
CCC1(CC1)OC=O,-73.86403132
CCC1(CC=O)CC1,-30.28853908
CCC1(CC=O)CN1,-16.40830839
CCC1(CC=O)CO1,-59.92767283
COC1(CC=O)CC1,-53.83392808
OCC1(CC1)NC=O,-64.39268238
OCC1(CC1)OC=N,-45.88868224
OCC1(CC1)OC=O,-101.4148135
OCC1(CC=O)CC1,-59.52418423
OCC1(CC=O)CN1,-48.92708324
OCC1(CC=O)CO1,-89.63897018
CCC1(CCO)CC1,-44.44314356
CCC1(CCO)CO1,-74.69158904
CCC1(COC)CC1,-40.92783534
CCC1(COC)CN1,-27.35759434
CCC1(COC)CO1,-70.40381663
CCCC1(CC)CC1,-17.83111563
CCCC1(CC)CO1,-48.24208607
CCCC1(CC1)OC,-41.96699107
CCCC1(CO)CC1,-45.39633049
CCCC1(CO)CN1,-34.23509846
CCCC1(CO)CO1,-78.24517534
CCOC1(CC)CC1,-45.25702338
CCOC1(CO)CC1,-73.33052094
COC1(CCO)CC1,-68.68067554
COCC1(CC1)OC,-63.19749753
COCC1(CO)CC1,-71.33190318
COCC1(CO)CN1,-55.64130758
COCC1(CO)CO1,-98.17297208
OCCC1(CO)CC1,-71.81445798
OCCC1(CO)CN1,-61.22802466
OCCC1(CO)CO1,-103.2859195
CCCC1(CC1)C#C,54.579461
CCCC1(CC1)C#N,25.84991411
CCCC1(CN1)C#C,70.53925817
CCCC1(CN1)C#N,42.79929376
CCCC1(CO1)C#C,27.3951444
CCCC1(CO1)C#N,0.876940993
CCNC1(CC1)C#N,44.02670235
CCOC1(CC1)C#C,29.9315378
CCOC1(CC1)C#N,2.357235904
CNCC1(CN1)C#N,61.58413871
CNCC1(CO1)C#N,19.31163563
COCC1(CC1)C#C,33.50583191
COCC1(CC1)C#N,4.985873199
COCC1(CN1)C#C,50.0341527
COCC1(CN1)C#N,22.57845009
COCC1(CO1)C#C,7.895309146
COCC1(CO1)C#N,-18.38883322
OCCC1(CC1)C#C,28.02704647
OCCC1(CC1)C#N,-0.511110021
OCCC1(CN1)C#C,42.4845859
OCCC1(CN1)C#N,14.44027939
OCCC1(CO1)C#C,1.006509856
OCCC1(CO1)C#N,-25.25817972
CCCC1(CC1)C=O,-35.58346424
CCCC1(CN1)C=O,-19.93867683
CCCC1(CO1)C=O,-61.96833373
CCOC1(CC1)C=O,-59.70490696
COCC1(CC1)C=O,-56.98277075
COCC1(CN1)C=O,-40.80773782
COCC1(CO1)C=O,-81.46126638
OCCC1(CC1)C=O,-62.6667518
OCCC1(CN1)C=O,-46.78225577
OCCC1(CO1)C=O,-88.25593925
CC1CC1(C#C)C#C,128.8236204
CC1CC1(C#C)C#N,101.18343
CC1CC1(C#N)C#N,75.56444769
CC1NC1(C#C)C#C,143.3395182
CC1NC1(C#C)C#N,117.000155
CC1NC1(C#N)C#N,92.57406826
CC1OC1(C#C)C#C,101.619851
CC1OC1(C#C)C#N,76.21610446
CC1OC1(C#N)C#N,53.17869624
CN1CC1(C#C)C#C,150.8608471
CN1CC1(C#C)C#N,124.1951789
CN1CC1(C#N)C#N,99.84439332
NC1CC1(C#C)C#N,112.7996064
NC1CC1(C#N)C#N,86.8831846
OC1CC1(C#C)C#C,101.0400322
OC1CC1(C#C)C#N,74.22187927
OC1CC1(C#N)C#N,48.48743522
CC1CC1(C=O)C#C,37.78720192
CC1CC1(C=O)C#N,10.67223698
CC1NC1(C=O)C#C,54.50565808
CC1NC1(C=O)C#N,28.60555153
CC1OC1(C=O)C#C,13.66701422
CC1OC1(C=O)C#N,-11.12930312
CN1CC1(C=O)C#C,61.50740908
CN1CC1(C=O)C#N,35.36884892
OC1CC1(C=O)C#C,6.753742058
OC1CC1(C=O)C#N,-19.77638403
CC1CC1(C=O)C=O,-51.58192379
CC1NC1(C=O)C=O,-37.1796052
CC1OC1(C=O)C=O,-74.8963893
CN1CC1(C=O)C=O,-27.96023562
OC1CC1(C=O)C=O,-83.44683375
CC1CC1(CO)CO,-77.49843904
CC1NC1(CO)CO,-66.96471651
CC1OC1(CO)CO,-108.9466827
CCC1(CC)CC1C,-18.07960939
CCC1(CC)CC1O,-47.06299572
CCC1(CC)CN1C,0.820697299
CCC1(CC)OC1C,-51.97137503
CCC1(CC1C)OC,-42.7946761
CCC1(CC1O)OC,-71.09031202
CCC1(CO)CC1C,-45.7471083
CCC1(CO)CC1O,-74.28433538
CCC1(CO)CN1C,-29.12026853
CCC1(CO)NC1C,-34.46351192
CCC1(CO)OC1C,-80.8518498
CN1CC1(CO)CO,-59.8437387
COC1(CO)CC1C,-70.16097045
COC1(CO)CC1O,-98.03680252
OCC1(CO)CC1O,-104.6043169
CC1CC1(CO)C#C,25.97571791
CC1CC1(CO)C#N,-2.123181926
CC1NC1(CN)C#N,52.37355427
CC1NC1(CO)C#C,35.9779399
CC1NC1(CO)C#N,11.40376092
CC1OC1(CN)C#N,11.45709922
CC1OC1(CO)C#C,-2.828200699
CC1OC1(CO)C#N,-29.12050069
CCC1(CC1C)C#C,53.91806598
CCC1(CC1C)C#N,24.91617997
CCC1(CC1O)C#C,25.66196316
CCC1(CC1O)C#N,-2.8084223
CCC1(CN1C)C#C,75.38112147
CCC1(CN1C)C#N,47.31798967
CCC1(NC1C)C#C,65.70053242
CCC1(NC1C)C#N,37.95868548
CCC1(OC1C)C#C,23.54160856
CCC1(OC1C)C#N,-3.387613569
CN1CC1(CN)C#N,60.81230202
CN1CC1(CO)C#C,46.94555094
CN1CC1(CO)C#N,19.72014432
CNC1(CC1C)C#N,44.47976421
CNC1(CC1N)C#N,54.07410501
CNC1(CC1O)C#N,14.90149887
COC1(CC1C)C#C,31.23110998
COC1(CC1C)C#N,3.631707698
COC1(CC1N)C#N,17.90664186
COC1(CC1O)C#C,3.292526964
COC1(CC1O)C#N,-23.42334194
NC1CC1(CO)C#N,10.97579944
OCC1(CC1O)C#C,-3.387939173
OCC1(CC1O)C#N,-31.12413852
CC1CC1(CO)C=O,-63.26351334
CC1NC1(CO)C=O,-52.54279298
CC1OC1(CO)C=O,-90.18992353
CCC1(CC1C)C=O,-36.31827786
CCC1(CC1O)C=O,-63.49757438
CCC1(CN1C)C=O,-15.14513176
CCC1(NC1C)C=O,-24.55965679
CCC1(OC1C)C=O,-65.94172388
CN1CC1(CO)C=O,-44.67884392
COC1(CC1C)C=O,-58.3532515
COC1(CC1O)C=O,-85.98811991
OCC1(CC1O)C=O,-92.56943955
CC(=O)C1(CC1)C#C,31.60623335
CC(=O)C1(CC1)C#N,3.934667479
CC(=O)C1(CN1)C#C,47.2472557
CC(=O)C1(CN1)C#N,20.7560352
CC(=O)C1(CO1)C#C,10.74846753
CC(=O)C1(CO1)C#N,-14.31203131
NC(=N)C1(CO1)C#N,33.61530793
NC(=O)C1(CC1)C#C,25.27438305
NC(=O)C1(CC1)C#N,-2.276073492
NC(=O)C1(CN1)C#C,40.59035547
NC(=O)C1(CN1)C#N,14.14180562
NC(=O)C1(CO1)C#C,3.704393948
NC(=O)C1(CO1)C#N,-21.24127066
CC(=O)C1(CC1)C=O,-56.27381232
CC(=O)C1(CN1)C=O,-41.69202601
CC(=O)C1(CO1)C=O,-77.03431417
NC(=O)C1(CC1)C=O,-65.90573509
NC(=O)C1(CN1)C=O,-51.25115768
NC(=O)C1(CO1)C=O,-86.27592602
CC(C)C1(CC1)C#C,53.73546072
CC(C)C1(CC1)C#N,24.89672718
CC(C)C1(CN1)C#C,71.75035151
CC(C)C1(CN1)C#N,43.79201379
CC(C)C1(CO1)C#C,27.80679064
CC(C)C1(CO1)C#N,1.128572303
CC(N)C1(CN1)C#N,52.73499974
CC(N)C1(CO1)C#N,11.73069337
CC(O)C1(CC1)C#C,23.03709093
CC(O)C1(CC1)C#N,-5.052396272
CC(O)C1(CN1)C#C,38.8318531
CC(O)C1(CN1)C#N,11.98044215
CC(O)C1(CO1)C#C,-4.89709952
CC(O)C1(CO1)C#N,-30.76394807
CN(C)C1(CC1)C#N,45.43106861
CC(C)C1(CC1)C=O,-34.25941919
CC(C)C1(CN1)C=O,-19.01561036
CC(C)C1(CO1)C=O,-61.62634105
CC(O)C1(CC1)C=O,-67.75334381
CC(O)C1(CN1)C=O,-51.64670941
CC(O)C1(CO1)C=O,-93.29107547
CN(C)C1(CC1)C=O,-15.03092503
CC(=O)C1(CO)CC1,-69.59633921
CC(=O)C1(CO)CN1,-57.66766306
CC(=O)C1(CO)CO1,-95.52751933
CCC1(CC1)C(C)=O,-39.96222553
CCC1(CC1)C(N)=O,-45.52851424
CCC1(CN1)C(C)=O,-26.34052875
CCC1(CN1)C(N)=O,-34.2800584
CCC1(CO1)C(C)=O,-68.94937692
CCC1(CO1)C(N)=O,-76.50549825
C[NH2+]C1(CC1)C([O-])=O,-73.49784522
COC1(CC1)C(C)=O,-63.62182126
COC1(CC1)C(N)=O,-70.64895209
NC(=O)C1(CO)CC1,-75.30319005
NC(=O)C1(CO)CN1,-64.55360426
NC(=O)C1(CO)CO1,-102.5464925
[NH3+]CC1(CC1)C([O-])=O,-79.46922562
[NH3+]CC1(CN1)C([O-])=O,-61.01194064
[NH3+]CC1(CO1)C([O-])=O,-104.4327861
CC(C)C1(CO)CC1,-43.9373709
CC(C)C1(CO)CN1,-34.06253335
CC(C)C1(CO)CO1,-77.59695803
CC(O)C1(CO)CC1,-77.1589564
CC(O)C1(CO)CN1,-63.75877047
CC(O)C1(CO)CO1,-109.7473848
CCC1(CC1)C(C)C,-16.17637308
CCC1(CC1)C(C)O,-48.03689047
CCC1(CN1)C(C)O,-33.77952657
CCC1(CO1)C(C)C,-48.31550468
CCC1(CO1)C(C)O,-77.8661596
COC1(CC1)C(C)C,-38.03438904
COC1(CC1)C(C)O,-71.95502011
CC(C)(C#C)C1CC1,58.84401556
CC(C)(C#C)C1CO1,29.13836579
CC(C)(C#C)N1CC1,73.68684582
CC(C)(C#N)C1CC1,29.61120605
CC(C)(C#N)C1CN1,42.35940961
CC(C)(C#N)C1CO1,0.678020482
CC(C)(C#N)N1CC1,45.12296144
CC(N)(C#N)C1CC1,42.07326527
CC(N)(C#N)C1CN1,53.97244847
CC(N)(C#N)C1CO1,12.38832332
CC(O)(C#C)C1CC1,26.34720354
CC(O)(C#C)C1CN1,40.42635474
CC(O)(C#C)C1CO1,-0.538418534
CC(O)(C#N)C1CC1,-1.370798036
CC(O)(C#N)C1CN1,13.5492159
CC(O)(C#N)C1CO1,-27.64083329
CC(C)(C=O)C1CC1,-29.36108004
CC(C)(C=O)C1CO1,-58.254105
CC(C)(C=O)N1CC1,-11.16107395
CC(O)(C=O)C1CC1,-61.39479004
CC(O)(C=O)C1CN1,-45.67972158
CC(O)(C=O)C1CO1,-87.57697397
CC(C)(CO)C1CC1,-43.65122657
CC(C)(CO)C1CO1,-73.22321681
CC(C)(CO)N1CC1,-26.50543644
CC(O)(CO)C1CC1,-78.8306417
CC(O)(CO)C1CN1,-66.43447098
CC(O)(CO)C1CO1,-110.388072
CCC(C)(C)C1CC1,-14.57496883
CCC(C)(C)C1CO1,-44.24485056
CCC(C)(O)C1CC1,-47.54241298
CCC(C)(O)C1CN1,-35.9946351
CCC(C)(O)C1CO1,-80.43392848
COC(C)(C)C1CC1,-39.6106929
COC(C)(C)C1CN1,-28.57935534
COC(C)(C)C1CO1,-69.03082584
CC1C(C)C(=O)C1C,-42.48167617
CC1C(C)C(=O)C1O,-71.54789375
CC1C(C)C(=O)N1C,-47.66832164
CC1C(O)C(=O)C1O,-100.1290465
CC1C(O)C(=O)N1C,-75.53034849
CC1C(O)C(C)C1=O,-72.84056333
CC1C(O)C(O)C1=O,-102.7670964
CC1N(C)C(C)C1=O,-22.33764565
OC1C(O)C(=O)C1O,-123.0199431
CC1C(C)C(C)C1C,-18.4303872
CC1C(C)C(O)C1C,-49.79768212
CC1C(C)C(O)C1O,-82.74881102
CC1C(O)C(C)C1O,-80.32474182
CC1C(O)C(O)C1O,-117.1990601
OC1C(O)C(O)C1O,-151.8099516
[NH2+]=C1O[CH-]C(=O)C=C1,-21.69217054
O=C1CCC(=O)C=C1,-52.81949983
N=C1CCC(=O)CO1,-61.18435361
N=C1CNC(=O)CO1,-62.94667974
N=C1COC(=N)CO1,-41.53856563
N=C1COC(=O)CN1,-60.48119491
N=C1COC(=O)CO1,-98.81293832
N=C1OCC(=O)CO1,-89.16372474
O=C1CCC(=O)CC1,-76.63461307
O=C1CCC(=O)NC1,-79.66701842
O=C1CCC(=O)OC1,-115.1530063
O=C1CNC(=O)CN1,-81.85165844
O=C1CNC(=O)NC1,-75.89282823
O=C1CNC(=O)OC1,-111.8017575
O=C1COC(=O)CN1,-116.7528074
O=C1COC(=O)CO1,-151.955161
O=C1COC(=O)OC1,-146.3998193
CC1=CCC(=N)OC1,-17.90504585
CC1=CCC(=O)CC1,-34.36559561
CC1=CCC(=O)NC1,-37.87302565
CC1=CCC(=O)OC1,-73.22096139
CC1=CNC(=O)CC1,-41.35821341
CC1=CNC(=O)NC1,-38.76876116
CC1=CNC(=O)OC1,-74.78248448
CC1=NCC(=O)CO1,-60.12574508
NC1=NCC(=N)OC1,-9.260406369
NC1=NCC(=O)CO1,-56.85481751
NC1=NCC(=O)OC1,-64.04607638
CC1CCC(=O)C=C1,-34.99185009
CC1CNC(=O)C=C1,-35.64160187
CC1COC(=O)C=C1,-73.05153382
CC1NCC(=O)C=C1,-17.93579382
CC1OCC(=O)C=C1,-58.65897593
CN1CCC(=O)C=C1,-25.64788557
OC1CCC(=O)C=C1,-62.64742632
OC1CNC(=O)C=C1,-64.64318597
OC1COC(=N)C=C1,-46.5395369
OC1COC(=O)C=C1,-99.55751265
CC1CCC(=N)OC1,-44.94367539
CC1CCC(=O)CC1,-60.73090745
CC1CCC(=O)CN1,-44.10344017
CC1CCC(=O)CO1,-85.12719933
CC1CCC(=O)NC1,-63.53552685
CC1CCC(=O)OC1,-99.4582613
CC1CNC(=O)CN1,-47.44207016
CC1CNC(=O)CO1,-88.91449862
CC1CNC(=O)NC1,-60.97117498
CC1CNC(=O)OC1,-98.50033374
CC1COC(=N)CN1,-28.70149894
CC1COC(=N)CO1,-69.97751693
CC1COC(=N)OC1,-74.83946053
CC1COC(=O)CN1,-83.25624546
CC1COC(=O)CO1,-124.6822382
CC1COC(=O)OC1,-134.0848406
CC1OCC(=O)CO1,-113.2314449
CN1CCC(=O)CC1,-41.2056013
OC1CCC(=N)OC1,-73.02784061
OC1CCC(=O)CC1,-89.7751622
OC1CCC(=O)NC1,-91.978
OC1CCC(=O)OC1,-127.3786465
OC1CNC(=O)NC1,-88.98192158
OC1CNC(=O)OC1,-125.9350266
OC1COC(=N)OC1,-101.6786469
OC1COC(=O)OC1,-160.5814067
CC1=CCC(O)CC1,-45.88403268
CC1=NCC(O)CO1,-74.28474213
CC1CC=C(C)CO1,-42.85567183
CC1CCC(C)=CC1,-16.37730343
CC1COC(C)=NC1,-46.48546623
CC1CCC(C)C=C1,-11.98410942
CC1CCC(O)C=C1,-42.1930218
CC1COC(C)C=C1,-39.21109666
CC1OCC(O)C=C1,-69.17465283
OC1CCC(O)C=C1,-70.30730747
CC1CCC(C)CC1,-40.55637217
CC1CCC(C)OC1,-68.84949805
CC1CCC(O)CC1,-71.4819004
CC1CCC(O)CO1,-100.282054
CC1COC(C)CO1,-94.17764155
CC1COC(C)OC1,-100.2720138
CC1OCC(O)CO1,-131.1523614
OC1CCC(O)CC1,-101.1668424
CC12CC(C1O)C2=O,-21.12135764
CC12NC(C1O)C2=O,-6.223306544
CC12OC(C1O)C2=O,-42.61353556
CC1C2CC1(C)C2=O,9.396916925
CC1C2CC1(O)C2=O,-20.41352693
CC1C2NC1(C)C2=O,24.953853
CC1C2OC1(C)C2=O,-12.85203745
CN1C2CC1(C)C2=O,28.67812188
OC1C2CC1(O)C2=O,-49.78534164
CC12CC(C1O)C2O,-33.38715853
CC12NC(C1O)C2O,-19.98320755
CC12OC(C1O)C2O,-59.73814251
CC1C2CC1(C)C2C,30.51146143
CC1C2CC1(C)C2O,-1.211631375
CC1C2CC1(O)C2C,-1.012083354
CC1C2CC1(O)C2O,-32.20430312
CC1C2OC1(C)C2C,3.846095195
CC1C2OC1(C)C2O,-27.59399083
CC1N2CC1(O)C2C,20.0587787
CN1C2CC1(C)C2O,24.26936744
OC1C2CC1(O)C2O,-63.61928877
CC12CC1C(=O)C2O,-35.46057723
CC12CN1C(=N)C2O,29.15725969
CC12CN1C(=O)C2O,-24.83712084
CC12NC1C(=O)C2O,-18.26646887
CC12OC1C(=O)C2O,-60.15368111
CC1C(=O)C2CC12C,-6.947823022
CC1C(=O)C2CC12O,-33.72049338
CC1C(=O)C2NC12C,10.53368469
CC1C(=O)C2OC12C,-32.59348632
CC1C(=O)N2CC12C,2.429399496
CN1C(=O)C2CC12C,-2.458271999
OC1C(=O)C2CC12O,-62.45413093
CC12CC1C(O)C2=O,-35.43735938
CC12NC1C(O)C2=O,-18.440289
CC12OC1C(O)C2=O,-57.9868908
CC1C2CC2(C)C1=O,-7.003043858
CC1C2CC2(O)C1=O,-35.0357533
CC1C2NC2(C)C1=O,10.25820802
CC1C2OC2(C)C1=O,-33.17016755
CC1N2CC2(C)C1=O,8.535066931
CN1C2CC2(C)C1=O,-1.321852294
CN1C2CC2(O)C1=O,-27.34527631
OC1C2CC2(O)C1=O,-63.6671068
CC12CC1C(O)C2O,-47.60024871
CC12NC1C(O)C2O,-34.11660402
CC12OC1C(O)C2O,-77.76084286
CC1C(O)C2(C)CN12,-0.571851134
CC1C(O)C2CC12C,-15.04256826
CC1C(O)C2CC12O,-43.16689409
CC1C(O)C2NC12C,-3.717556257
CC1C(O)C2OC12C,-47.58581599
CC1C2CC2(C)C1C,16.1427489
CC1C2CC2(C)C1O,-15.12539952
CC1C2CC2(O)C1C,-12.71262549
CC1C2CC2(O)C1O,-43.11857586
CC1C2NC2(C)C1O,-3.86502099
CC1C2OC2(C)C1C,-16.02650316
CC1C2OC2(C)C1O,-47.8110919
CC1N(C)C2CC12O,7.956002971
OC1C2CC2(O)C1O,-75.82058349
CC12CC(C#C)C1N2,101.8386772
CC12CC(C#C)C1O2,60.89649428
CC12CC(C#N)C1N2,73.78495806
CC12CC(C#N)C1O2,32.69907545
CC12CC1C(C2)C#C,90.68309277
CC12CC1C(C2)C#N,61.98366634
CC12CC1C(N2)C#N,78.98952185
CC12CC1C(O2)C#C,66.19957707
CC12CC1C(O2)C#N,39.45672525
CC12CN1C(C2)C#C,106.5092304
CC12CN1C(C2)C#N,79.02842744
OC12CC1C(C2)C#C,62.72442945
OC12CC1C(C2)C#N,33.52048538
CC12CC(C=O)C1N2,14.48134695
CC12CC(C=O)C1O2,-26.22300988
CC12CC1C(C2)C=O,3.674030284
CC12CC1C(O2)C=O,-21.49849085
CC12CC1N(C2)C=O,3.801135263
CC12CN1C(C2)C=O,18.33300026
OC12CC1C(C2)C=O,-24.38001448
OC12CC1N(C2)C=O,-23.17359316
CN=C1OC2(C)CC12,13.19809003
CC12CC(CO)C1N2,1.72044107
CC12CC(CO)C1O2,-41.39919983
CC12CC1C(CO)C2,-10.02437479
CC12CC1C(CO)O2,-39.4024646
CC12CN1C(CO)C2,2.966047427
CCC1CC2(C)CC12,16.80916399
CCC1CC2(C)OC12,-14.58511384
CCC1CC2(O)CC12,-11.28755142
CCC1OC2(C)CC12,-11.78955902
CCN1CC2(O)CC12,8.052011925
COC1CC2(C)CC12,-8.48321146
COC1CC2(C)NC12,8.252187455
COC1CC2(C)OC12,-36.56110158
COC1CC2(O)CC12,-36.24985687
OCC1CC2(O)CC12,-38.0746545
CC12CC(C=C1)C2=O,21.73613642
CC12NC(C=C1)C2=O,37.57482426
CC12OC(C=C1)C2=O,-4.370746358
OC12CC(C=C1)C2=O,-6.428350009
CC12CC(CC1)C2=O,-15.81453226
CC12CC(CO1)C2=O,-38.40798935
CC12CC(OC1)C2=O,-35.97011494
CC12CCC(N1)C2=O,0.381208488
CC12CCC(O1)C2=O,-42.41087245
OC12CC(CC1)C2=O,-45.47562885
OC12CC(OC1)C2=O,-64.36489736
CC12CC(C=C1)C2O,11.10374276
CC12NC(C=C1)C2O,28.1045782
CC12OC(C=C1)C2O,-12.06200299
CC1C2CC1(C)C=C2,46.42058248
CC1C2CC1(O)C=C2,16.02404475
CC1C2OC1(C)C=C2,17.9097108
OC1C2CC1(O)C=C2,-16.36609065
CC12CC(CC1)C2O,-29.52297749
CC12CC(CO1)C2O,-54.73189417
CC12CC(OC1)C2O,-55.56836434
CC12CCC(O1)C2O,-57.99557108
CC1C2CC1(C)CC2,3.585656297
CC1C2CC1(C)CO2,-20.53013884
CC1C2CC1(C)OC2,-22.91279241
CC1C2CC1(O)CC2,-27.04870753
CC1C2CC1(O)CO2,-49.74570369
CC1C2CCC1(C)O2,-27.25076559
OC1C2CC1(O)CC2,-58.683949
OC1C2CC1(O)CO2,-80.75908325
CC12CC1C(=O)C=C2,2.566348709
CC12CN1C(=O)C=C2,11.87705522
CC12NC1C(=O)C=C2,20.581867
CC12OC1C(=O)C=C2,-21.23569168
OC12CC1C(=O)C=C2,-23.45895784
CC12CC1C(=N)OC2,-12.46265596
CC12CC1C(=O)CC2,-25.95069321
CC12CC1C(=O)CO2,-49.31473197
CC12CC1C(=O)NC2,-28.39323963
CC12CC1C(=O)OC2,-67.47046433
CC12CCC(=O)C1N2,-12.50658162
CC12CCC(=O)C1O2,-55.02444091
CC12CN1C(=N)OC2,2.447317822
CC12CN1C(=O)CC2,-14.34957702
CC12CN1C(=O)NC2,-15.62119072
CC12CN1C(=O)OC2,-54.02070516
CC12CNC(=O)C1N2,-14.70502685
CC12CNC(=O)C1O2,-56.04756084
CC12COC(=N)C1N2,0.839638484
CC12COC(=N)C1O2,-40.49097283
CC12COC(=O)C1N2,-53.217493
CC12COC(=O)C1O2,-93.8270959
OC12CC1C(=N)OC2,-39.29933229
OC12CC1C(=O)CC2,-53.75059662
OC12CC1C(=O)NC2,-55.65034733
OC12CC1C(=O)OC2,-94.17473616
CC12CN=C(N)C1O2,-0.822634182
CC1=CCC2(C)CC12,21.84605544
CC1=CCC2(C)NC12,36.12663719
CC1=CCC2(C)OC12,-8.608840668
CC1=CCC2(O)CC12,-6.334118731
CC12CC1C(O)C=C2,-2.859598629
CC12NC1C(O)C=C2,9.69093943
CC12OC1C(O)C=C2,-33.70982572
CC1C=CC2(C)CC12,26.18402861
CC1C=CC2(C)NC12,40.03476636
CC1C=CC2(C)OC12,-4.969285568
CC1C=CC2(O)CC12,-1.450212292
OC1C=CC2(O)CC12,-28.69539731
CC12CC1C(O)CC2,-34.08685408
CC12CC1C(O)CO2,-57.77908031
CC12CCC(O)C1N2,-21.26460441
CC12CCC(O)C1O2,-67.39064332
CC1CCC2(C)CC12,-4.360496501
CC1CCC2(C)OC12,-38.25916475
CC1CCC2(O)CC12,-32.95168939
CC1COC2(C)CC12,-29.92834862
CC1OCC2(C)CC12,-33.46373715
CC1OCC2(C)NC12,-19.30175469
CC1OCC2(C)OC12,-63.98514926
CC1OCC2(O)CC12,-60.84258168
OC1CCC2(O)CC12,-61.66524664
CC12CC(C=C1)C=C2,58.13856757
CC12OC(C=C1)C=C2,33.44671871
OC12CC(C=C1)C=C2,29.38484972
CC12CC(CO1)C=C2,-9.626661077
CC12CCC(C1)C=C2,17.89525563
CC12CCC(O1)C=C2,-11.83235697
CC12COC(C1)C=C2,-7.281030566
CC12COC(O1)C=C2,-39.08193455
CC12OCC(O1)C=C2,-40.84272621
OC12CCC(C1)C=C2,-11.26132333
OC12COC(C1)C=C2,-35.37398092
CC12CC(CO1)CO2,-78.21894725
CC12CCC(C1)OC2,-43.92557553
CC12CCC(CC1)C2,-16.68164553
CC12CCC(CC1)O2,-49.2211282
CC12CCC(CO1)C2,-45.98066914
CC12CCC(CO1)O2,-80.56583278
CC12CCC(OC1)O2,-79.10436315
CC12COC(C1)OC2,-74.62959291
CC12COC(CO1)C2,-71.60436961
OC12CCC(C1)OC2,-72.55630152
OC12CCC(CC1)C2,-46.54982026
OC12COC(C1)OC2,-101.8929757
CC12CCC1(C)C2O,-14.92836154
CC12CCC1(O)C2O,-43.96445866
CC12COC1(C)C2O,-39.55494941
CC12OCC1(O)C2O,-66.51712764
CC1C2(C)CCC12C,13.88434221
CC1C2(C)CCC12O,-14.94028422
CC1C2(C)COC12C,-12.54570796
CC1C2(O)COC12C,-40.18685147
CC1C2(O)CCC12O,-41.77319549
OC1C2(O)CCC12O,-72.97859296
CC12CCC1(C)CC2,12.7410199
CC12CCC1(C)OC2,-18.26106449
CC12CCC1(O)CC2,-18.17635071
CC12CCC1(O)CO2,-47.83681979
CC12COC1(C)CO2,-47.39630812
OC12CCC1(O)CC2,-46.55168033
C#CC1CC(C1)C#C,128.4094641
C#CC1CC(C1)C#N,100.2465583
C#CC1CC(N1)C#N,116.9417966
C#CC1CC(O1)C#C,103.7740911
C#CC1CC(O1)C#N,77.48555618
N#CC1CC(C1)C#N,73.13347589
N#CC1CC(N1)C#N,90.77813607
N#CC1CC(O1)C#N,52.61393769
O=CC1CC(C1)C#C,42.21365394
O=CC1CC(C1)C#N,14.6701
O=CC1CC(N1)C#N,28.48381469
O=CC1CC(O1)C#C,16.52218244
O=CC1CC(O1)C#N,-8.097177219
O=CN1CC(C1)C#C,39.9750481
O=CN1CC(C1)C#N,13.40162386
O=CC1CC(C1)C=O,-43.87296958
O=CC1CC(N1)C=O,-32.09301319
O=CC1CC(O1)C=O,-68.25482875
O=CC1CN(C1)C=O,-46.8432515
CN=C1CC(O1)C#C,49.20571285
CN=C1CC(O1)C#N,23.92495817
CN=C1CC(O1)C=O,-36.40400346
CCC1CC(O1)=NC,-30.05099243
CN=C1CC(CO)O1,-57.33884809
CCC1CC(C1)C#C,54.16844227
CCC1CC(C1)C#N,25.37175187
CCC1CC(N1)C#N,40.92617791
CCC1CC(O1)C#C,25.16748568
CCC1CC(O1)C#N,-1.810054686
CCN1CC(C1)C#N,42.30356126
COC1CC(C1)C#C,29.82799874
COC1CC(C1)C#N,1.214541104
OCC1CC(C1)C#C,27.06883946
OCC1CC(C1)C#N,-1.643764668
OCC1CC(N1)C#N,13.8403803
OCC1CC(O1)C#C,-2.597904712
OCC1CC(O1)C#N,-28.86196678
CCC1CC(C1)C=O,-32.63354208
CCC1CC(O1)C=O,-62.43708332
CCC1CN(C1)C=O,-35.87616311
COC1CC(C1)C=O,-56.77883016
COC1CN(C1)C=O,-58.67481581
OCC1CC(C1)C=O,-59.61391808
OCC1CC(O1)C=O,-89.95586248
OCC1CN(C1)C=O,-62.80571085
CCC1CC(C1)OC,-44.18523716
CCC1CC(CC)C1,-20.85194636
CCC1CC(CC)O1,-53.34499333
CCC1CC(CO)C1,-47.61143903
CCC1CC(CO)O1,-81.23651313
COC1CC(C1)OC,-68.19059062
COC1CC(CO)C1,-72.02781121
OCC1CC(CO)C1,-74.40795475
OCC1CC(CO)O1,-108.7069741
N=C1OC(C=C1)C#C,57.36822911
[NH2+]=C1O[C-](C=C1)C#N,20.22628987
O=C1CC(C=C1)C#C,42.84605621
O=C1CC(C=C1)C#N,15.69344069
O=C1NC(C=C1)C#C,42.25278028
O=C1OC(C=C1)C#C,2.974752541
N=C1CN=C(N1)C#C,95.23282601
N=C1CN=C(N1)C#N,72.42257623
O=C1CC(=CN1)C#C,32.85268797
O=C1CC(=CN1)C#N,6.180117222
O=C1CC=C(C1)C#C,39.44934728
O=C1CC=C(C1)C#N,13.62705191
O=C1CC=C(N1)C#C,34.81867523
O=C1CC=C(N1)C#N,10.6040592
O=C1CN=C(N1)C#C,38.97564622
O=C1CN=C(O1)C#C,1.425152136
N=C1OCC(=C1)C#C,49.01545016
N=C1OCC(=C1)C#N,25.18173239
O=C1CCC(=C1)C#C,34.54849809
O=C1CCC(=C1)C#N,10.51774234
O=C1NCC(=C1)C#C,33.61197446
N=C1CC(CO1)C#C,29.2145152
N=C1CC(CO1)C#N,3.291818301
N=C1CCC(O1)C#C,29.66945958
N=C1CCC(O1)C#N,3.660166378
N=C1COC(O1)C#C,4.748569756
N=C1COC(O1)C#N,-19.82686424
N=C1NC(CO1)C#C,36.17457112
N=C1NC(CO1)C#N,10.25124672
N=C1OCC(O1)C#C,-1.262343745
N=C1OCC(O1)C#N,-25.83777774
O=C1CC(CN1)C#C,12.74615588
O=C1CC(CN1)C#N,-14.47360315
O=C1CC(CO1)C#C,-25.78513556
O=C1CC(CO1)C#N,-52.14457906
O=C1CCC(C1)C#C,17.10762635
O=C1CCC(C1)C#N,-10.6153953
O=C1CCC(N1)C#C,13.3291122
O=C1CCC(O1)C#C,-25.30383577
O=C1CCC(O1)C#N,-50.79417862
O=C1CNC(C1)C#C,33.495385
O=C1CNC(C1)C#N,6.296961297
O=C1COC(C1)C#C,-5.707341593
O=C1COC(C1)C#N,-31.81640881
O=C1COC(O1)C#C,-49.49618707
O=C1COC(O1)C#N,-73.39453831
O=C1NC(CO1)C#C,-22.1126019
O=C1NCC(N1)C#C,17.42584228
O=C1NCC(N1)C#N,-8.914148433
O=C1NCC(O1)C#C,-22.03290819
O=C1NCC(O1)C#N,-46.76019949
O=C1OCC(O1)C#C,-60.08289984
O=C1OCC(O1)C#N,-84.00886151
N=C1OCC(C=O)=C1,-36.40852333
O=CC1=CC(=O)CC1,-50.0496729
N=C1CN=C(N1)C=O,13.19991386
O=CC1=CCC(=O)C1,-47.74043794
O=CC1=CCC(=O)N1,-54.14256931
O=CC1=CNC(=O)C1,-56.52334035
O=CC1=NCC(=O)N1,-42.95686441
O=CC1=NCC(=O)O1,-81.81759833
[NH2+]=C1O[C-](C=O)C=C1,-43.68826104
O=CC1CC(=O)C=C1,-44.45291567
N=C1CC(CO1)C=O,-56.30609476
N=C1CCC(O1)C=O,-57.21849357
N=C1COC(O1)C=O,-82.2385299
N=C1NC(CO1)C=O,-51.62766338
N=C1OCC(O1)C=O,-89.64376951
O=CC1CC(=O)CN1,-54.88729578
O=CC1CC(=O)CO1,-93.55852183
O=CC1CCC(=O)C1,-70.38650098
O=CC1CCC(=O)N1,-74.91739902
O=CC1CCC(=O)O1,-113.3708793
O=CC1CNC(=O)C1,-73.14029211
O=CC1CNC(=O)N1,-70.90977529
O=CC1CNC(=O)O1,-110.5988218
O=CC1COC(=O)C1,-111.1438481
O=CC1COC(=O)N1,-109.9788424
O=CC1COC(=O)O1,-148.1455508
O=CC1OCC(=O)O1,-136.5893358
O=CN1CCC(=O)C1,-72.07854604
CC1=CC(CC1)C#C,62.2882879
CC1=CC(CC1)C#N,33.24184871
CC1=CC(NC1)C#N,50.39767899
CC1=CC(OC1)C#C,38.57472635
CC1=CC(OC1)C#N,10.85672477
CC1=NC(CO1)C#C,30.10808872
NC1=NC(CN1)C#N,48.04772453
NC1=NC(CO1)C#C,34.36546123
NC1=NC(CO1)C#N,6.320527208
CC1=CC(CC1)C=O,-25.55034215
CC1=CC(OC1)C=O,-49.15973712
CC1=CN(CC1)C=O,-30.68176678
CC1=NC(CO1)C=O,-59.71409885
NC1=NC(CO1)C=O,-55.69894501
CC1=CCC(C1)C#C,61.71850927
CC1=CCC(C1)C#N,32.76807904
CC1=NCC(O1)C#C,29.2345955
CC1=NCC(O1)C#N,3.044579558
NC1=NCC(N1)C#N,48.48384363
NC1=NCC(O1)C#C,33.80760529
NC1=NCC(O1)C#N,7.371605621
CC1=CCC(C1)C=O,-25.42923282
CC1=CCN(C1)C=O,-29.22217968
CC1=NCC(O1)C=O,-57.79956737
CC1CC(C=O)C=C1,-21.53616388
CC1CN(C=O)C=C1,-27.23171955
CC1CN(C=O)C=N1,-26.43506193
CC1OC(C=O)C=C1,-48.41488335
OC1CC(C=O)C=C1,-50.55092568
OC1CN(C=O)C=C1,-57.61194203
CC1CC(C=C1)C#C,66.67583432
CC1CC(C=C1)C#N,37.64194533
CC1NC(C=C1)C#N,52.85375117
CC1OC(C=C1)C#C,39.51536309
CC1OC(C=C1)C#N,11.97933927
CN1CC(N=C1)C#N,53.44709571
OC1CC(C=C1)C#C,37.13772959
OC1CC(C=C1)C#N,8.864382111
CC1CC=C(C1)C#C,59.00076563
CC1CC=C(C1)C#N,31.83685494
CC1CN=C(N1)C#N,47.7587221
CC1CN=C(O1)C#C,30.47267174
CC1CN=C(O1)C#N,7.10895859
CN1CC=C(C1)C#N,52.85186865
OC1CC=C(C1)C#C,29.37606459
OC1CC=C(C1)C#N,3.191068721
CC1CC(C=O)=CN1,-23.29033238
CC1CC=C(C1)C=O,-28.60192085
CC1CN=C(N1)C=O,-16.80028107
CC1CN=C(O1)C=O,-53.65674965
OC1CC=C(C1)C=O,-57.30543794
CC1CCC(=C1)C#C,59.00327566
CC1CCC(=C1)C#N,31.87450551
CC1CNC(=N1)C#N,47.83716078
CC1COC(=N1)C#C,31.96677186
CC1COC(=N1)C#N,8.721658005
CC1OCC(=C1)C#C,32.34857709
CC1OCC(=C1)C#N,6.48110103
OC1CCC(=C1)C#C,29.89062238
OC1CCC(=C1)C#N,4.240264605
CC1CC(CO1)C#C,8.614412578
CC1CC(CO1)C#N,-19.65014977
CC1CCC(C1)C#C,37.25706125
CC1CCC(C1)C#N,8.079472579
CC1CCC(N1)C#N,23.83281913
CC1CCC(O1)C#C,8.805802976
CC1CCC(O1)C#N,-19.04083805
CC1CNC(C1)C#N,24.14594637
CC1COC(C1)C#C,11.73250728
CC1COC(C1)C#N,-16.10974117
CC1COC(O1)C#C,-18.5422936
CC1COC(O1)C#N,-45.24937737
CC1OCC(O1)C#C,-21.42820979
CC1OCC(O1)C#N,-48.11019318
CN1CCC(C1)C#N,29.84812519
OC1CCC(C1)C#C,7.373826297
OC1CCC(C1)C#N,-21.74352146
OC1CNC(C1)C#N,-3.96269172
OC1COC(C1)C#C,-17.06011616
OC1COC(C1)C#N,-44.50452359
CC1CC(CO1)C=O,-77.02479667
CC1CCC(C1)C=O,-50.26655903
CC1CCC(O1)C=O,-78.71907232
CC1CCN(C1)C=O,-55.1036817
CC1COC(C1)C=O,-75.71769438
CC1COC(O1)C=O,-105.8732685
CC1OCC(O1)C=O,-107.8662386
OC1CCC(C1)C=O,-78.78809837
OC1CCN(C1)C=O,-82.98578886
OC1COC(C1)C=O,-106.0100655
CC1CCC(C=O)=C1,-28.4601037
CC1CNC(C=O)=N1,-16.69736951
CC1COC(C=O)=N1,-52.13566662
CC1OCC(C=O)=C1,-54.21997373
CN1CCC(C=O)=C1,-18.89086328
OC1CCC(C=O)=C1,-56.10438476
CN=C1NC(=O)C=C1,-9.651820155
CN=C1OC(=O)C=C1,-50.24134275
CN=C1OC(C)C=C1,-19.24352361
CN=C1CN=C(C)N1,19.96708116
CN=C1CC(=O)CO1,-58.39758392
CN=C1CCC(=O)N1,-38.00884715
CN=C1CCC(=O)O1,-76.05758378
CN=C1CNC(=O)N1,-35.06924459
CN=C1CNC(=O)O1,-74.02535996
CN=C1COC(=N)N1,-16.48806079
CN=C1COC(=O)N1,-73.70031004
CN=C1COC(=O)O1,-111.4559997
CN=C1NC(=N)CO1,-15.17468341
CN=C1NC(=O)CO1,-70.8639671
CN=C1NCC(=O)N1,-30.21232106
CN=C1OCC(C)=C1,-20.70499324
CN=C1OCC(N)=C1,-13.6577135
CN=C1CC(C)CO1,-42.69468134
CN=C1CC(O)CO1,-70.62698926
CN=C1CCC(C)O1,-44.85017647
CN=C1COC(C)O1,-73.09749416
CCC1=CC(=N)OC1,-23.60534215
CCC1=CC(=O)CC1,-37.95118489
CCC1=CC(=O)NC1,-38.80173971
CCC1=CC(=O)OC1,-78.86478183
CNC1=CC(=N)OC1,-14.70502685
CNC1=CC(=O)CC1,-33.18741221
CNC1=CC(=O)NC1,-30.23463196
CNC1=CC(=O)OC1,-71.69513774
[NH3+]CC1=CC(=O)O[CH-]1,-61.69263631
OCC1=CC(=N)OC1,-49.11860094
OCC1=CC(=O)CC1,-64.13399632
OCC1=CC(=O)NC1,-64.35264908
CC1CCC(CO)=C1,-38.2164941
CC1COC(CO)=N1,-75.26930454
CC1OCC(CO)=C1,-65.31860695
CCC1=CC(C)CC1,-11.90002314
CCC1=CC(C)OC1,-39.29643795
CCC1=CC(O)CC1,-41.6251257
CCC1=NC(C)CO1,-47.71161979
COC1=NC(C)CN1,-36.35272227
OCC1=CC(O)CC1,-67.94598923
CCC1=CCC(=O)C1,-32.46361431
CCC1=CCC(=O)N1,-39.31315995
CCC1=CNC(=O)C1,-37.40929613
CCC1=NCC(=N)N1,16.74607489
CCC1=NCC(=O)N1,-39.92024109
CCC1=NCC(=O)O1,-79.84021105
CNC1=NCC(=O)N1,-31.05192878
COC1=NCC(=N)N1,-13.89832908
COC1=NCC(=O)N1,-70.56213503
OCC1=CCC(=O)C1,-58.71419677
OCC1=CCC(=O)N1,-66.29855604
OCC1=CNC(=O)C1,-63.55382948
OCC1=NCC(=N)N1,-9.486309789
OCC1=NCC(=O)N1,-60.87589839
OCC1=NCC(=O)O1,-101.1830417
CC1CC=C(CO)C1,-38.15499817
CC1CN=C(CO)O1,-76.76842474
CCC1=CCC(C)C1,-11.8178194
CCC1=CCC(O)C1,-41.81588859
CCC1=NCC(C)O1,-49.14359647
COC1=NCC(C)N1,-36.28934381
OCC1=CCC(O)C1,-68.1361246
CCC1CC(=O)C=C1,-33.09865392
CCC1NC(=O)C=C1,-36.69895538
CCC1OC(=N)C=C1,-20.72570105
CCC1OC(=O)C=C1,-78.07223733
COC1CC(=O)C=C1,-55.05330635
COC1OC(=N)C=C1,-48.26393301
COC1OC(=O)C=C1,-102.3555775
[NH3+]C[C-]1OC(=O)C=C1,-62.50149605
OCC1CC(=O)C=C1,-60.99958637
OCC1NC(=O)C=C1,-64.15749362
OCC1OC(=N)C=C1,-50.75577323
CC1CC(CO)C=C1,-36.21787634
CC1OC(CO)C=C1,-68.05705841
CCC1CC(C)C=C1,-8.581752908
CCC1CC(O)C=C1,-38.20457142
CCC1OC(C)C=C1,-39.57505217
COC1CC(C)C=C1,-32.1064341
COC1CC(O)C=C1,-61.97272629
COC1OC(C)C=C1,-67.46782699
OCC1CC(O)C=C1,-65.84634244
CC1=CCC(CO)C1,-39.87311918
CC1=NCC(CO)O1,-77.5653618
CCC1CC=C(C)C1,-12.35998761
CCC1CN=C(C)O1,-49.73784797
COC1CC=C(C)C1,-36.10492463
COC1CN=C(C)O1,-77.72161167
COC1CN=C(N)O1,-73.09212602
CCC1CC(=O)CO1,-83.916106
CCC1CCC(=N)O1,-48.96538377
CCC1CCC(=O)C1,-58.46057808
CCC1CCC(=O)N1,-64.37387955
CCC1CCC(=O)O1,-104.390486
CCC1CNC(=O)C1,-62.54217932
CCC1CNC(=O)N1,-60.30287736
CCC1CNC(=O)O1,-102.2609982
CCC1COC(=N)C1,-46.22630481
CCC1COC(=N)O1,-81.68182412
CCC1COC(=O)C1,-101.4951571
CCC1COC(=O)N1,-100.3288964
CCC1COC(=O)O1,-140.9152815
CCC1OCC(=N)O1,-76.96483521
CCC1OCC(=O)O1,-132.6327836
CCN1CCC(=O)C1,-36.3311075
COC1CC(=O)CO1,-113.8369915
COC1CCC(=N)O1,-77.83017081
COC1CCC(=O)C1,-81.69723241
COC1CCC(=O)O1,-133.0576075
COC1CNC(=O)C1,-85.40672051
COC1CNC(=O)O1,-129.78919
COC1COC(=N)C1,-68.92330097
COC1COC(=N)O1,-109.6291923
COC1COC(=O)C1,-124.2392165
COC1COC(=O)O1,-168.4560235
OCC1CC(=O)CN1,-70.51592008
OCC1CC(=O)CO1,-112.2619427
OCC1CCC(=N)O1,-76.85439354
OCC1CCC(=O)C1,-85.60849912
OCC1CCC(=O)N1,-92.23025882
OCC1CCC(=O)O1,-132.2418452
OCC1CNC(=O)C1,-90.15194735
OCC1CNC(=O)N1,-88.1310187
OCC1CNC(=O)O1,-129.7691097
OCC1COC(=N)C1,-73.72688619
OCC1COC(=N)O1,-109.2570791
OCC1COC(=O)C1,-129.0164463
OCC1COC(=O)N1,-128.0252608
OCC1COC(=O)O1,-167.9740962
OCC1OCC(=N)O1,-104.0826358
OCC1OCC(=O)O1,-159.2197111
CC1=CC(CO)CC1,-39.98105081
CC1=CC(CO)OC1,-69.04350334
CC1=NC(CO)CO1,-77.24721448
CCC1CCC(C)=C1,-12.31543443
CCC1COC(C)=N1,-48.20609728
CCC1OCC(C)=C1,-40.45858554
COC1CCC(C)=C1,-36.01330824
COC1OCC(C)=C1,-68.54275076
NC1=NC(CO)CO1,-73.08961599
CC1CC(CO)CO1,-93.74779754
CC1CCC(CO)C1,-64.42932113
CC1CCC(CO)O1,-98.05125769
CC1COC(CO)C1,-94.38722972
CC1COC(CO)O1,-127.4067572
CC1OCC(CO)O1,-128.2965656
CCC1CC(C)CO1,-66.54528317
CCC1CC(O)CO1,-95.18918686
CCC1CCC(C)C1,-36.86975386
CCC1CCC(C)O1,-69.2950298
CCC1CCC(O)C1,-66.5013575
CCC1COC(C)C1,-65.91589114
CCC1COC(C)O1,-100.0084598
CCC1OCC(C)O1,-99.93880627
COC1CC(C)CO1,-95.78155583
COC1CC(O)CO1,-123.2463692
COC1CCC(C)C1,-61.17129181
COC1CCC(C)O1,-97.75632822
COC1CCC(O)C1,-89.88484906
COC1COC(C)C1,-89.09669712
OCC1CC(O)CO1,-124.0175783
OCC1CCC(O)C1,-94.24604008
N=C(NC1CC1)C#N,67.25669728
O=C(CC1CC1)C#C,42.3102904
O=C(CC1CC1)C#N,18.4282544
O=C(CC1CN1)C#C,57.36459137
O=C(CC1CN1)C#N,34.41942705
O=C(CC1CO1)C#C,14.22298764
O=C(CC1CO1)C#N,-8.617382594
O=C(CN1CC1)C#C,62.54907485
O=C(CN1CC1)C#N,38.99710885
O=C(NC1CC1)C#C,38.42447213
O=C(OC1CC1)C#C,0.58846122
O=C(OC1CC1)C#N,-22.14774243
N=C(NC1CC1)C=O,6.290186
O=CC(=O)CC1CC1,-43.75876286
O=CC(=O)CC1CN1,-29.3658569
O=CC(=O)CC1CO1,-71.30013236
O=CC(=O)CN1CC1,-22.03905598
O=CC(=O)NC1CC1,-50.35353964
O=CC(=O)OC1CC1,-84.28769648
NC(=NC1CC1)C#N,67.40729956
NC(C=O)=NC1CC1,0.083489536
CC(CC1CC1)C#C,58.06966884
CC(CC1CC1)C#N,29.04833003
CC(CC1CN1)C#N,43.92379079
CC(CC1CO1)C#C,29.71128197
CC(CC1CO1)C#N,1.029425802
CC(CN1CC1)C#C,76.3669389
CC(CN1CC1)C#N,47.61103661
CC(NC1CC1)C#N,47.70453553
CC(OC1CC1)C#C,35.1097462
CC(OC1CC1)C#N,4.805150463
NC(CC1CC1)C#N,42.43910331
NC(CC1CN1)C#N,56.52954968
NC(CC1CO1)C#N,15.69843593
NC(CN1CC1)C#N,61.9204838
OC(CC1CC1)C#C,30.03005679
OC(CC1CC1)C#N,2.588786909
OC(CC1CN1)C#C,44.29934337
OC(CC1CN1)C#N,17.37639634
OC(CC1CO1)C#C,1.145189455
OC(CC1CO1)C#N,-25.73132188
OC(CN1CC1)C#C,48.33736701
OC(CN1CC1)C#N,21.31213592
CC(CC1CC1)C=O,-28.53213999
CC(CC1CO1)C=O,-56.4839007
CC(CN1CC1)C=O,-9.424127651
CC(OC1CC1)C=O,-54.38299889
CN(CC1CC1)C=O,-31.90716553
CN(CC1CN1)C=O,-17.16661931
CN(CC1CO1)C=O,-59.98944821
OC(CC1CC1)C=O,-61.32262645
OC(CC1CN1)C=O,-46.61847579
OC(CC1CO1)C=O,-90.08638446
OC(CN1CC1)C=O,-43.22490441
CN=C(C)OC1CC1,-18.34292017
CCC(=O)CC1CC1,-37.22753913
CCC(=O)CC1CN1,-21.32923788
CCC(=O)CC1CO1,-65.22573554
CCC(=O)CN1CC1,-14.40969063
CCC(=O)NC1CC1,-39.44920221
CCC(=O)OC1CC1,-80.75596816
CNC(=O)CC1CC1,-39.18376569
CNC(=O)CC1CN1,-25.07763158
CNC(=O)CC1CO1,-68.99671958
CNC(=O)CN1CC1,-22.2914894
CNC(=O)NC1CC1,-35.34054945
CNC(=O)OC1CC1,-78.01403109
COC(=O)CC1CC1,-78.91736532
COC(=O)CC1CN1,-63.74634759
COC(=O)CC1CO1,-106.5559988
COC(=O)CN1CC1,-58.16402308
COC(=O)NC1CC1,-77.68207857
NCC(=O)OC1CC1,-67.34197703
OCC(=O)CC1CC1,-65.30982182
OCC(=O)CC1CN1,-50.83282959
OCC(=O)CC1CO1,-93.75041243
OCC(=O)CN1CC1,-40.07292419
OCC(=O)NC1CC1,-68.69551502
OCC(=O)OC1CC1,-108.3676187
COC(C)=NC1CC1,-20.96528237
CC(CO)CC1CC1,-43.76794334
CC(CO)CC1CO1,-72.35411615
CC(CO)CN1CC1,-25.92750019
CC(CO)OC1CC1,-72.28822766
CCC(C)CC1CC1,-15.71013352
CCC(C)CC1CO1,-44.35466472
CCC(C)CN1CC1,2.693185647
CCC(C)OC1CC1,-43.92293818
CCC(O)CC1CC1,-47.06111319
CCC(O)CC1CO1,-76.19321928
CCC(O)CN1CC1,-28.61010331
COC(C)CC1CC1,-41.5327545
COC(C)CC1CO1,-69.55416877
COC(C)CN1CC1,-21.43704221
OCC(O)CC1CC1,-77.18154674
OCC(O)CC1CN1,-59.82303089
OCC(O)CC1CO1,-102.9815774
OCC(O)CN1CC1,-55.49321534
CC(=O)C#CC1CC1,30.84129927
CC(=O)C#CC1CN1,47.01319465
CC(=O)C#CC1CO1,7.708811517
NC(=O)C#CC1CC1,26.94293081
NC(=O)C#CC1CN1,42.92469081
NC(=O)C#CC1CO1,3.340438438
CC(=N)OCC1CC1,-25.3264734
CC(=N)OCC1CN1,-10.3493561
CC(=N)OCC1CO1,-50.02396985
CC(=O)CCC1CC1,-37.43210722
CC(=O)CCC1CO1,-66.01137744
CC(=O)CCN1CC1,-18.92148393
CC(=O)COC1CC1,-57.86693164
CC(=O)NCC1CC1,-41.18991356
CC(=O)NCC1CN1,-26.18832339
CC(=O)NCC1CO1,-69.50751231
CC(=O)OCC1CC1,-82.02228233
CC(=O)OCC1CN1,-68.36293498
CC(=O)OCC1CO1,-108.7654597
NC(=O)CCC1CC1,-42.26609235
NC(=O)CCC1CO1,-70.9733745
NC(=O)CCN1CC1,-23.85649809
NC(=O)COC1CC1,-66.0060093
NC(=O)NCC1CC1,-40.14538969
NC(=O)NCC1CN1,-26.97361723
NC(=O)NCC1CO1,-68.5790777
NC(=O)OCC1CC1,-82.67077909
NC(=O)OCC1CN1,-67.59388779
NC(=O)OCC1CO1,-109.5777365
[O-]C(=O)CCC1C[NH2+]1,-72.82578255
[O-]C(=O)C[NH2+]C1CC1,-70.18145751
CC(C)C#CC1CC1,50.04068478
CC(C)C#CC1CN1,65.17656198
CC(C)C#CC1CO1,24.67865578
CC(O)C#CC1CC1,21.52667556
CC(O)C#CC1CN1,36.99764283
CC(O)C#CC1CO1,-2.97754796
CC(C)CCC1CC1,-16.71603125
CC(C)CCC1CO1,-45.29843901
CC(C)CCN1CC1,1.76133404
CC(C)COC1CC1,-42.8938226
CC(C)OCC1CC1,-44.19025723
CC(C)OCC1CN1,-29.30475632
CC(C)OCC1CO1,-71.24969943
CC(O)CCC1CC1,-47.70180039
CC(O)CCC1CO1,-76.45551825
CC(O)CCN1CC1,-29.36750727
CC(O)COC1CC1,-73.64992327
O=C1C2CC1(C2)C#C,83.78352097
O=C1C2CC1(C2)C#N,57.76230508
O=C1C2CC1(N2)C#C,102.9875423
O=C1C2CC1(N2)C#N,78.3223744
O=C1C2CC1(O2)C#C,67.54548009
O=C1C2CC1(O2)C#N,44.20937736
O=CC12CC(C1)C2=O,-0.675342912
O=CC12CC(N1)C2=O,22.38660678
O=CC12CC(O1)C2=O,-15.96772697
CC1C2CC1(C2)C#C,103.9423685
CC1C2CC1(C2)C#N,76.06560703
CC1C2CC1(N2)C#N,96.56920049
CC1C2CC1(O2)C#C,83.76733303
CC1C2CC1(O2)C#N,58.33346603
CC1N2CC1(C2)C#C,128.4507276
CC1N2CC1(C2)C#N,101.4154564
CN1C2CC1(C2)C#C,129.3599889
CN1C2CC1(C2)C#N,102.8148025
NC1C2CC1(N2)C#N,106.4992589
NC1C2CC1(O2)C#N,68.66952307
OC1C2CC1(C2)C#C,73.00491759
OC1C2CC1(C2)C#N,45.36786474
OC1C2CC1(N2)C#C,90.85979346
OC1C2CC1(N2)C#N,64.45391425
OC1C2CC1(O2)C#C,52.33854218
OC1C2CC1(O2)C#N,27.03394214
CC1C2CC1(C2)C=O,19.33541239
CC1C2CC1(O2)C=O,-1.581339323
CC1N2CC1(C2)C=O,44.85719932
CN1C2CC1(C2)C=O,44.57105499
OC1C2CC1(C2)C=O,-12.10655617
OC1C2CC1(N2)C=O,5.542496582
OC1C2CC1(O2)C=O,-32.85074276
CCC12CC(C1)C2=O,8.771289953
CCC12CC(N1)C2=O,30.24752314
CCC12CC(O1)C2=O,-11.16905697
COC12CC(C1)C2=O,-14.5130551
OCC12CC(C1)C2=O,-18.0798191
OCC12CC(N1)C2=O,4.293752676
OCC12CC(O1)C2=O,-35.91047908
CC1C2CC1(CO)C2,4.405833669
CC1C2CC1(CO)O2,-21.12123034
CC1N2CC1(CO)C2,28.48309373
CCC12CC(C1)C2C,30.4167075
CCC12CC(C1)C2O,-1.069186718
CCC12CC(O1)C2C,4.435954125
CCC12CC(O1)C2O,-28.40096804
CCC12CN(C1)C2C,54.27120169
COC12CC(C1)C2C,4.629227051
COC12CC(C1)C2O,-26.05408251
COC12CN(C1)C2C,27.00656388
OCC12CC(C1)C2O,-27.35553722
OCC12CC(O1)C2O,-55.01425099
N=C1CC2(CN12)C#N,109.3612024
N=C1OC2(CC12)C#C,87.23830882
N=C1OC2(CC12)C#N,63.02934037
O=C1CC2(CC12)C#C,68.56453306
O=C1CC2(CC12)C#N,42.25089775
O=C1CC2(CN12)C#C,80.55972522
O=C1CC2(CN12)C#N,55.81737369
O=C1CC2(NC12)C#C,87.61606954
O=C1CC2(NC12)C#N,62.65722724
O=C1CC2(OC12)C#C,47.32398645
O=C1CC2(OC12)C#N,23.55239213
O=C1NC2(CC12)C#C,72.86708626
O=C1OC2(CC12)C#C,31.69084228
O=C1OC2(CC12)C#N,8.172761789
N=C1OC2(CC12)C=O,0.389261259
O=CC12CC(=O)C1N2,-3.186915381
O=CC12CC(=O)C1O2,-37.65884786
O=CC12CC1C(=O)C2,-19.6518577
O=CC12CC1C(=O)N2,-13.5847478
O=CC12CC1C(=O)O2,-54.61980213
O=CC12CN1C(=O)C2,-7.105712209
CC1CC2(CC12)C#C,89.244841
CC1CC2(CC12)C#N,60.94702065
CC1CC2(CN12)C#C,106.0511485
CC1CC2(CN12)C#N,79.28005875
CC1CC2(NC12)C#C,104.1849352
CC1CC2(NC12)C#N,77.36615477
CC1CC2(OC12)C#C,61.8553288
CC1CC2(OC12)C#N,36.15100521
CC1NC2(CC12)C#N,79.90254817
CC1OC2(CC12)C#C,64.56052225
CC1OC2(CC12)C#N,38.43262975
CN1CC2(CC12)C#N,82.36677798
OC1CC2(CC12)C#C,59.32270046
OC1CC2(CC12)C#N,31.28655156
OC1CC2(NC12)C#C,72.70594362
OC1CC2(NC12)C#N,46.53789051
OC1CC2(OC12)C#C,31.74242537
OC1CC2(OC12)C#N,6.727107209
CC1CC2(CC12)C=O,-0.180760574
CC1CC2(CN12)C=O,17.24301626
CC1CC2(NC12)C=O,15.49791234
CC1CC2(OC12)C=O,-26.80094613
CC1OC2(CC12)C=O,-23.36344909
CN1CC2(CC12)C=O,21.37453881
OC1CC2(CC12)C=O,-29.91527578
OC1CC2(NC12)C=O,-15.29019131
OC1CC2(OC12)C=O,-56.37732894
CCC12CC(=O)C1N2,8.484238662
CCC12CC(=O)C1O2,-30.59486856
CCC12CC1C(=N)O2,9.557907416
CCC12CC1C(=O)C2,-5.735474668
CCC12CC1C(=O)N2,-3.47420988
CCC12CC1C(=O)O2,-46.61957867
CCC12CN1C(=O)C2,4.008213398
COC12CC1C(=O)C2,-26.30772366
OCC12CC(=O)C1N2,-18.28466664
OCC12CC(=O)C1O2,-56.89125922
OCC12CC1C(=N)O2,-16.55901552
OCC12CC1C(=O)C2,-32.36883792
OCC12CC1C(=O)N2,-29.16254383
OCC12CC1C(=O)O2,-72.70387111
OCC12CN1C(=O)C2,-21.82382022
CC1CC2(CO)CC12,-9.458988733
CC1CC2(CO)CN12,1.973954908
CC1CC2(CO)NC12,5.126562636
CC1CC2(CO)OC12,-41.58494264
CC1OC2(CO)CC12,-37.41827956
CCC12CC(C)C1O2,-14.63907966
CCC12CC(O)C1N2,-1.947351958
CCC12CC(O)C1O2,-45.3142316
CCC12CC1C(C)C2,16.77527848
CCC12CC1C(C)O2,-11.71990546
CCC12CC1C(O)C2,-13.45747927
COC12CC1C(C)C2,-5.436652838
COC12CC1C(O)C2,-35.36569599
COC12CC1N(C)C2,15.80991187
OCC12CC(O)C1N2,-29.48997648
OCC12CC(O)C1O2,-71.92374949
OCC12CC1C(O)C2,-40.90785989
C#CC12CC(C1)C=C2,120.7795761
C#CC12CC(O1)C=C2,98.34676144
N#CC12CC(C1)C=C2,92.68820638
N#CC12CC(N1)C=C2,114.0696856
N#CC12CC(O1)C=C2,72.62298506
C#CC12CC(C1)CC2,77.19163852
C#CC12CC(C1)CO2,54.91507373
C#CC12CC(C1)OC2,53.65879971
C#CC12CC(CC1)O2,51.86349503
N#CC12CC(C1)CC2,48.77145382
N#CC12CC(C1)CN2,67.94096208
N#CC12CC(C1)CO2,28.37679001
N#CC12CC(C1)OC2,26.3417767
N#CC12CC(CC1)N2,65.42025642
N#CC12CC(CC1)O2,25.75756536
N#CC12CN(C1)CC2,72.47283569
O=CC12CC(C1)C=C2,35.51624504
O=CC12CC(N1)C=C2,55.2072137
O=CC12CC(O1)C=C2,13.78498601
O=CC12CC(C1)CC2,-8.241747611
O=CC12CC(C1)CO2,-31.82541469
O=CC12CC(C1)OC2,-31.10503379
O=CC12CC(CC1)O2,-34.09072399
CCC12CC(C1)C=C2,47.17735894
CCC12CC(O1)C=C2,20.43041646
COC12CC(C1)C=C2,22.77918452
OCC12CC(C1)C=C2,20.51387523
OCC12CC(O1)C=C2,-7.087735185
CCC12CC(C1)CC2,4.112764277
CCC12CC(C1)CO2,-22.95420804
CCC12CC(C1)OC2,-20.01118849
CCC12CC(CC1)O2,-25.28917089
COC12CC(C1)CC2,-20.34000346
COC12CC(C1)OC2,-43.11732084
OCC12CC(C1)CC2,-22.92095004
OCC12CC(C1)CO2,-50.92291151
OCC12CC(C1)OC2,-46.83594214
OCC12CC(CC1)O2,-53.17629812
CC1C(=N)OC11CC1,5.07309702
CC1C(=O)CC11CC1,-3.910677042
CC1C(=O)CC11CN1,9.976456253
CC1C(=O)CC11CO1,-32.94614666
CC1C(=O)NC11CC1,-7.889366722
CC1C(=O)OC11CC1,-51.34849026
CN1C(=O)CC11CC1,-6.490648046
NC1C(=N)OC11CC1,17.37263128
NC1C(=O)OC11CC1,-37.12940444
OC1C(=N)OC11CC1,-21.38393606
OC1C(=O)CC11CC1,-31.92769874
OC1C(=O)CC11CN1,-17.72743821
OC1C(=O)CC11CO1,-59.36113661
OC1C(=O)NC11CC1,-34.36334256
OC1C(=O)OC11CC1,-76.62831552
CC1CC2(CC2)C1=O,-7.592902788
CC1CC2(CN2)C1=O,9.684664336
CC1CC2(CO2)C1=O,-32.41213608
CC1NC2(CC2)C1=O,7.929520264
CC1OC2(CC2)C1=O,-34.27270174
CN1CC2(CC2)C1=O,-7.812183053
CN1CC2(CN2)C1=O,9.371885155
CN1CC2(CO2)C1=O,-33.22504033
OC1CC2(CC2)C1=O,-34.15535747
OC1CC2(CN2)C1=O,-16.87026023
OC1CC2(CO2)C1=O,-58.54223671
CC1C(O)CC11CC1,-12.93601887
CC1C(O)CC11CN1,0.068208556
CC1C(O)CC11CO1,-43.63187863
CC1CC2(CC2)C1C,17.03945998
CC1CC2(CC2)C1O,-14.93338161
CC1CC2(CN2)C1O,1.412961414
CC1CC2(CO2)C1C,-13.98082219
CC1CC2(CO2)C1O,-45.44036101
CC1N(C)CC11CO1,6.027666278
CC1OC2(CC2)C1C,-14.19480293
CC1OC2(CC2)C1O,-44.80845894
OC1CC2(CC2)C1O,-45.21383008
OC1CC2(CN2)C1O,-35.02963034
OC1CC2(CO2)C1O,-75.93792776
C#CC1CC2(CC2)C1,91.47563727
C#CC1CC2(CC2)O1,64.82972383
C#CC1CC2(CO2)C1,61.10357242
N#CC1CC2(CC2)C1,62.82076401
N#CC1CC2(CC2)N1,79.08741333
N#CC1CC2(CC2)O1,38.15589806
N#CC1CC2(CN2)C1,76.18204435
N#CC1CC2(CO2)C1,33.09754398
O=CC1CC2(CC2)C1,4.794762252
O=CC1CC2(CC2)O1,-22.79053291
O=CC1CC2(CN2)C1,17.6615651
O=CC1CC2(CO2)C1,-25.85340678
O=CN1CC2(CC2)C1,2.97658778
O=CN1CC2(CN2)C1,16.75265189
O=CN1CC2(CO2)C1,-25.7790126
CN=C1CC2(CC2)O1,10.82359408
CCC1CC2(CC2)C1,17.30301397
CCC1CC2(CC2)O1,-13.79319685
CCC1CC2(CO2)C1,-13.6444771
CCN1CC2(CO2)C1,5.851963617
COC1CC2(CC2)C1,-6.842274118
COC1CC2(CN2)C1,6.25105966
COC1CC2(CO2)C1,-37.22626165
OCC1CC2(CC2)C1,-9.489109189
OCC1CC2(CC2)O1,-41.77005794
OCC1CC2(CN2)C1,3.173753072
OCC1CC2(CO2)C1,-40.45793558
N=C1OC2(CC2)C=C1,16.50054522
O=C1CC2(CC2)C=C1,1.638262159
O=C1CC2(CN2)C=C1,16.68691554
O=C1CC2(CO2)C=C1,-26.08759513
O=C1NC2(CC2)C=C1,0.429399412
O=C1OC2(CC2)C=C1,-41.02483127
N=C1CC2(CC2)CO1,-8.287207744
N=C1CC2(CN2)CO1,5.645733744
N=C1CC2(CO2)CO1,-37.05912337
N=C1CCC2(CC2)O1,-10.36802925
N=C1OCC2(CC2)O1,-41.99260306
O=C1CC2(CC2)CN1,-24.88734406
O=C1CC2(CC2)CO1,-63.65834412
O=C1CC2(CN2)CN1,-11.3459685
O=C1CC2(CN2)CO1,-49.50075423
O=C1CC2(CO2)CN1,-54.29931938
O=C1CC2(CO2)CO1,-92.23447678
O=C1CCC2(CC2)C1,-21.08623957
O=C1CCC2(CC2)N1,-25.42825725
O=C1CCC2(CC2)O1,-65.74355819
O=C1CCC2(CN2)C1,-7.359748704
O=C1CCC2(CO2)C1,-50.79188933
O=C1COC2(CC2)C1,-45.88915761
O=C1NC2(CC2)CO1,-60.87059886
O=C1NCC2(CC2)N1,-21.20477025
O=C1NCC2(CC2)O1,-62.52596892
O=C1OCC2(CC2)O1,-101.0114522
CC1=CC2(CC2)CC1,23.48573776
CC1=CC2(CC2)OC1,-2.740999334
CC1=CC2(CN2)CC1,35.79531218
CC1=CC2(CO2)CC1,-7.516974139
CC1=NC2(CC2)CO1,-11.35196414
NC1=NC2(CC2)CO1,-6.481514853
CC1=CCC2(CC2)C1,24.54183625
CC1=CCC2(CO2)C1,-6.271367781
CC1=NCC2(CC2)O1,-10.30778833
CC1CC2(CC2)C=C1,27.18616128
CC1CC2(CN2)C=C1,40.64909816
CC1CC2(CO2)C=C1,-3.412434499
CC1OC2(CC2)C=C1,-1.93025706
OC1CC2(CC2)C=C1,-2.688916046
OC1CC2(CN2)C=C1,11.11162094
OC1CC2(CO2)C=C1,-32.76542393
CC1CC2(CC2)CO1,-28.4141682
CC1CC2(CN2)CO1,-13.80790902
CC1CC2(CO2)CO1,-57.55066685
CC1CCC2(CC2)C1,-0.323100378
CC1CCC2(CC2)O1,-30.61547153
CC1CCC2(CO2)C1,-31.27372899
CC1COC2(CC2)C1,-27.69755235
CC1OCC2(CC2)O1,-60.55580984
OC1CCC2(CC2)C1,-29.13141156
OC1CCC2(CO2)C1,-59.81095607
OC1COC2(CC2)C1,-55.44851002
CC12CC1(CC2)C#C,86.27170099
CC12CC1(CC2)C#N,57.91991482
CC12CC1(CN2)C#N,74.24178497
CC12CC1(CO2)C#C,61.8157957
CC12CC1(CO2)C#N,34.43602175
CC12CC1(NC2)C#N,79.13886911
CC12CC1(OC2)C#C,65.06252985
CC12CC1(OC2)C#N,38.98546562
CC12CCC1(N2)C#C,99.56332777
CC12CCC1(N2)C#N,72.21116423
CC12CCC1(O2)C#C,57.07433392
CC12CCC1(O2)C#N,31.12088906
NC12CC1(NC2)C#N,90.5818529
NC12CC1(OC2)C#N,50.7315365
OC12CC1(CC2)C#C,58.55337381
OC12CC1(CC2)C#N,30.30198916
OC12CC1(NC2)C#C,78.5637448
OC12CC1(NC2)C#N,51.77194725
OC12CC1(OC2)C#C,38.33943274
OC12CC1(OC2)C#N,12.55855299
CC12CC1(CC2)C=O,-2.500663196
CC12CC1(CO2)C=O,-26.71372231
CC12CC1(OC2)C=O,-24.26831779
CC12CCC1(N2)C=O,10.32535153
CC12CCC1(O2)C=O,-30.92870362
OC12CC1(CC2)C=O,-31.88879315
OC12CC1(NC2)C=O,-10.4414254
OC12CC1(OC2)C=O,-51.52417046
CC12CC1(CO)CC2,-11.60444371
CC12CC1(CO)CO2,-37.69626627
CC12CC1(CO)OC2,-37.23567429
CC12CCC1(CO)N2,0.887108453
CC12CCC1(CO)O2,-45.63551646
CCC12CC1(C)CC2,14.48298627
CCC12CC1(C)CO2,-10.72906796
CCC12CC1(C)OC2,-10.51571473
CCC12CC1(O)CC2,-14.16279995
CCC12CC1(O)CO2,-38.2133341
CCC12CCC1(C)O2,-18.69718359
COC12CC1(C)CC2,-8.217774942
COC12CC1(C)OC2,-31.8328175
COC12CC1(O)CC2,-34.77018947
OCC12CC1(O)CC2,-40.33117866
OCC12CC1(O)CO2,-64.63083408
CC1(C)CCC11CC1,15.78004841
CC1(C)CCC11CO1,-15.43852676
CC1(C)COC11CC1,-12.35871013
CC1(C)OCC11CC1,-14.81478232
CC1(C)OCC11CN1,-1.282819398
CC1(C)OCC11CO1,-44.54427744
CC1(O)CCC11CC1,-16.76759188
CC1(O)CCC11CN1,-4.055156369
CC1(O)CCC11CO1,-44.18157695
CC1(O)COC11CC1,-43.22399745
CC1(C)C2CC2C1=O,-4.733969506
CC1(C)C2CN2C1=O,6.036951612
CC1(C)C2NC2C1=O,13.75029839
CC1(C)C2OC2C1=O,-28.16891684
CC1(C)N2CC2C1=O,11.06518524
CC1(O)C2CC2C1=O,-34.62598959
CC1(O)C2CN2C1=N,29.20620543
CC1(O)C2CN2C1=O,-22.20032592
CC1(O)C2NC2C1=O,-15.76019592
CC1(O)C2OC2C1=O,-57.35498874
CC1(C)C(O)C2CN12,1.446219418
CC1(C)C2CC2C1O,-13.3338599
CC1(C)C2NC2C1O,-0.731866057
CC1(C)C2OC2C1O,-43.21834987
CC1(O)C2CC2C1O,-44.72688271
CC1(O)C2NC2C1O,-31.21625511
CC1(O)C2OC2C1O,-73.58539465
CC1C2CC2C1(C)C,18.0051971
CC1C2CC2C1(C)O,-13.3802956
CC1C2NC2C1(C)O,1.182665428
CC1C2OC2C1(C)C,-11.66531214
CC1C2OC2C1(C)O,-42.2695555
CC1N2CC2C1(C)C,33.5113049
CC1N2CC2C1(C)O,2.913336629
CC1(C)C=CC2CC12,27.73836964
CC1(C)C=CC2NC12,42.67407131
CC1(C)C=CC2OC12,-0.960754883
CC1(O)C=CC2CC12,-3.049106498
CC1(O)C=CC2NC12,12.18717222
CC1(O)C=CC2OC12,-30.60741875
CC1(C)CCC2CC12,-2.070714335
CC1(C)CCC2OC12,-33.81576998
CC1(C)CCN2CC12,14.88745045
CC1(C)COC2CC12,-25.82820155
CC1(C)OCC2CC12,-32.96674962
CC1(C)OCC2NC12,-18.01347769
CC1(C)OCC2OC12,-61.52342949
CC1(O)CCC2CC12,-34.07869646
CC1(O)CCC2NC12,-21.44344461
CC1(O)CCC2OC12,-65.08517341
CC1(O)CCN2CC12,-16.48674707
CC1(O)COC2CC12,-56.29502034
CC1(C)CC1C1CC1,18.35848495
CC1(C)CC1C1CO1,-11.26307855
CC1(C)CC1N1CC1,35.42960144
CC1(C)CN1C1CC1,34.31953714
CC1(C)NC1C1CN1,41.7640304
CC1(C)NC1C1CO1,1.61941204
CC1(C)OC1C1CC1,-15.65313501
CC1(C)OC1C1CN1,-2.14564496
CC1(C)OC1C1CO1,-42.91589029
CC1(O)CC1C1CC1,-11.326457
CC1(O)CC1C1CO1,-41.10176032
CC1(O)CC1N1CC1,5.907184453
CC1(CC2CC12)C#C,93.73090641
CC1(CC2CC12)C#N,64.85765985
CC1(CC2CN12)C#C,110.7505671
CC1(CC2CN12)C#N,82.85184282
CC1(CC2NC12)C#C,108.4093292
CC1(CC2NC12)C#N,79.77579125
CC1(CC2OC12)C#C,64.66531634
CC1(CC2OC12)C#N,36.70070353
CC1(CN2CC12)C#N,82.89074841
CC1(NC2CC12)C#N,83.13045704
CC1(OC2CC12)C#C,68.89284784
CC1(OC2CC12)C#N,41.73395723
NC1(CC2CC12)C#N,76.04775731
NC1(CC2NC12)C#N,91.75655069
NC1(CC2OC12)C#N,49.2650468
NC1(CN2CC12)C#N,94.34188983
OC1(CC2CC12)C#C,62.94907786
OC1(CC2CC12)C#N,35.52537824
OC1(CC2NC12)C#C,80.89306007
OC1(CC2NC12)C#N,50.29102483
OC1(CC2OC12)C#C,37.37118558
OC1(CC2OC12)C#N,10.91949818
OC1(CN2CC12)C#C,80.07165013
OC1(CN2CC12)C#N,53.97576062
CC1(CC2CC12)C=O,5.755479296
CC1(CC2CN12)C=O,21.34002579
CC1(CC2NC12)C=O,20.93653718
CC1(CC2OC12)C=O,-22.36445396
CC1(CN2CC12)C=O,23.58274474
CC1(OC2CC12)C=O,-19.99497809
OC1(CC2CC12)C=O,-29.17857962
OC1(CC2NC12)C=O,-12.06228244
OC1(CC2OC12)C=O,-53.70225594
OC1(CN2CC12)C=O,-11.81692623
CC1(CO)CC2CC12,-8.535294749
CC1(CO)CC2CN12,5.690066167
CC1(CO)CC2NC12,6.837781042
CC1(CO)CC2OC12,-36.81210538
CC1(CO)CN2CC12,7.920862439
CC1(CO)OC2CC12,-38.48002563
CCC1(C)CC2CC12,19.78042147
CCC1(C)CC2NC12,34.5084175
CCC1(C)CC2OC12,-9.379922536
CCC1(C)CN2CC12,36.19767307
CCC1(C)OC2CC12,-8.780650964
CCC1(O)CC2CC12,-11.94518137
CCC1(O)CC2NC12,3.13798503
CCC1(O)CC2OC12,-40.25211246
CCC1(O)CN2CC12,5.329248204
COC1(C)CC2CC12,-6.821566305
COC1(C)CC2NC12,11.13684863
COC1(C)CC2OC12,-32.44589428
COC1(C)CN2CC12,10.18554422
OCC1(O)CC2CC12,-41.07226738
OCC1(O)CC2NC12,-25.93890022
OCC1(O)CC2OC12,-69.17274784
OCC1(O)CN2CC12,-23.63092028
CC1(CC1)C1CC1O,-8.284918459
CC1(CO1)C1CC1O,-42.35928936
CC1CC1C1(C)CC1,21.45900939
CC1CC1C1(C)CO1,-9.792196278
CC1CC1C1(O)CC1,-10.10595103
CC1CN1C1(C)CC1,39.01832828
CC1NC1C1(C)CN1,46.28837389
CC1NC1C1(C)CO1,0.584648874
CC1NC1C1(O)CC1,-1.484877457
CC1OC1C1(C)CC1,-10.84013714
CC1OC1C1(C)CN1,2.722573741
CC1OC1C1(C)CO1,-41.26616781
CC1OC1C1(O)CC1,-44.12823864
CN1CC1C1(C)CC1,40.99372818
CN1CC1C1(C)CN1,54.2947676
CN1CC1C1(C)CO1,7.657308449
CN1CC1C1(O)CC1,11.987124
OC1CC1C1(O)CC1,-38.86970903
CC1(CC1)OC1CC1,-6.114363098
CC1(CC2CC2)CC1,20.1851651
CC1(CC2CC2)CO1,-11.01772233
CC1(CC1)CC1OC1,-9.167824325
CC1(CC2CO2)CO1,-39.00211354
CC1(CN2CC2)CC1,37.71499104
CC1(CN2CC2)CN1,50.73804376
CC1(CN2CC2)CO1,7.544356739
OC1(CC2CC2)CC1,-9.920835725
OC1(CC1)CC1OC1,-40.44099282
OC1(CN2CC2)CC1,6.3000054
CC1(CC1)C1(C)CC1,21.15090222
CC1(CC1)C1(C)CO1,-14.03729805
CC1(CC1)C1(O)CC1,-11.05160784
CC1(CN1)C1(C)CN1,45.22976537
CC1(CN1)C1(C)CO1,0.140372148
CC1(CN1)C1(O)CC1,0.436556632
CC1(CO1)C1(C)CO1,-41.74621258
CC1(CO1)C1(O)CC1,-42.99119143
OC1(CC1)C1(O)CC1,-42.02357178
CC12CC1C1(C)CC21,67.92721557
CC12CC1C1(C)CN21,80.43884804
CC12CC1C1(C)NC21,81.07890773
CC12CC1C1(C)OC21,35.24654327
CC12CC1C1(O)CC21,40.37015834
CC12NC1C1(C)NC21,100.9920148
CC12NC1C1(C)OC21,55.20859603
CC12NC1C1(O)CC21,53.7006907
CC12OC1C1(C)OC21,10.28612034
CC12OC1C1(O)CC21,8.322015606
OC12CC1C1(O)CC21,13.06159486
CC12CC1C1(CC1)C2,54.14647944
CC12CC1C1(CC1)O2,27.53445151
CC12CC1C1(CO1)C2,23.08854671
CC12CC3(CC3)C1N2,65.90133546
CC12CC3(CC3)C1O2,24.56193901
CC12CC3(CN3)C1N2,79.48851921
CC12CC3(CN3)C1O2,38.79043747
CC12CC3(CO3)C1N2,35.76207663
CC12CC3(CO3)C1O2,-4.315398214
OC12CC1C1(CC1)C2,26.18530609
OC12CC1C1(CN1)C2,39.01069331
OC12CC1C1(CO1)C2,-4.290297834
C1CC11CC2(CC2)C1,55.43036388
C1CC11CC2(CC2)O1,26.19722877
C1CC11CC2(CO2)C1,24.98739045
C1NC11CC2(CO2)C1,38.75027687
C1OC11CC2(CO2)C1,-4.452822794
CC1C(CC1=O)C#C,31.78319103
CC1C(CC1=O)C#N,4.129822933
CC1C(NC1=O)C#C,28.50731199
CC1C(OC1=N)C#C,43.1125956
CC1C(OC1=N)C#N,17.89082682
CC1C(OC1=O)C#C,-13.21674778
CC1C(OC1=O)C#N,-37.87124797
CN1C(CC1=O)C#C,29.95936897
CN1C(CC1=O)C#N,3.673971587
NC1C(NC1=N)C#N,72.14032427
NC1C(OC1=N)C#C,56.10364533
NC1C(OC1=N)C#N,30.83795088
NC1C(OC1=O)C#C,0.270661964
NC1C(OC1=O)C#N,-24.4741996
OC1C(CC1=O)C#C,4.810972646
OC1C(CC1=O)C#N,-22.27951943
OC1C(NC1=N)C#C,58.68835696
OC1C(NC1=N)C#N,32.3383261
OC1C(NC1=O)C#C,2.317597953
OC1C(OC1=N)C#C,16.73211868
OC1C(OC1=N)C#N,-7.766131652
OC1C(OC1=O)C#C,-38.18156327
OC1C(OC1=O)C#N,-62.28950269
CC1C(CC1=O)C=O,-55.15119783
CC1C(NC1=O)C=O,-58.765932
CC1C(OC1=N)C=O,-42.32581061
CC1C(OC1=O)C=O,-99.94029344
CC1N(CC1=O)C=O,-55.35918292
CN1C(CC1=O)C=O,-57.00702287
OC1C(CC1=O)C=O,-83.31442924
OC1C(NC1=N)C=O,-28.05652403
OC1C(NC1=O)C=O,-85.04663491
OC1C(OC1=N)C=O,-69.02317983
CC1CC(C#C)C1=O,32.85999733
CC1CC(C#N)C1=O,5.642748338
CC1NC(C#C)C1=O,49.52699771
CC1NC(C#N)C1=O,23.02636457
CC1OC(C#C)C1=O,7.875729044
CC1OC(C#N)C1=O,-17.26258098
CN1CC(C#C)C1=O,30.70861532
CN1CC(C#N)C1=O,3.778138164
OC1CC(C#C)C1=O,5.864561097
CC1C(CN1C)C#N,39.27206286
CC1C(O)CC1C#C,23.22973634
CC1C(O)CC1C#N,-5.516753302
CC1CC(C#C)C1C,52.92409094
CC1CC(C#C)C1O,21.24053123
CC1CC(C#N)C1C,23.96550308
CC1CC(C#N)C1O,-6.86213367
CC1CC(C#N)N1C,39.96483335
CC1NC(C#N)C1C,38.88928207
CC1NC(C#N)C1N,49.61690503
CC1NC(C#N)C1O,9.234460574
CC1OC(C#C)C1C,24.76211454
CC1OC(C#C)C1O,-6.578824981
CC1OC(C#N)C1C,-2.448231847
CC1OC(C#N)C1N,7.912298058
CC1OC(C#N)C1O,-31.57971042
NC1C(O)CC1C#N,5.903012639
OC1CC(C#C)C1O,-8.896217564
OC1CC(C#N)C1O,-36.72340579
CC1CN(C=N)C1=O,-14.60086027
CC1CN(C=O)C1=N,-15.50949403
CC1CN(C=O)C1=O,-67.48203895
CC1OC(C=O)C1=O,-79.93842813
CN1CC(C=O)C1=O,-57.50275537
NC1CN(C=O)C1=O,-54.08185303
OC1CN(C=N)C1=O,-40.70335049
OC1CN(C=O)C1=N,-42.42900161
OC1CN(C=O)C1=O,-93.1904532
CC1C(O)CC1C=O,-62.48351903
CC1C(O)CN1C=O,-67.23781045
CC1CC(C=O)C1C,-31.47013946
CC1CC(C=O)C1O,-66.39102068
CC1CC(C=O)N1C,-19.67951541
CC1CN(C=O)C1C,-38.1540226
CC1NC(C=O)C1O,-50.78262883
CC1OC(C=O)C1C,-61.30505619
CC1OC(C=O)C1O,-93.97506083
OC1CC(C=O)C1O,-99.45384627
CN=C1NC(C)C1O,-14.95464832
CN=C1OC(C)C1C,-30.63269373
CN=C1OC(C)C1N,-18.35010223
CN=C1OC(C)C1O,-58.85177349
CC1C(CO)CC1=O,-68.23401609
CC1C(CO)NC1=O,-74.24144398
CC1C(CO)OC1=N,-61.54943683
CC1C(CO)OC1=O,-118.2044576
CCC1CC(=O)C1C,-41.28313303
CCC1CC(=O)C1O,-70.0977193
CCC1CC(=O)N1C,-46.31917621
CCC1NC(=O)C1C,-47.42673048
CCC1NC(=O)C1O,-75.24796922
CCC1OC(=N)C1C,-34.52827271
CCC1OC(=N)C1N,-22.17602765
CCC1OC(=N)C1O,-62.46622821
CCC1OC(=O)C1C,-91.26424225
CCC1OC(=O)C1N,-78.44513012
CCC1OC(=O)C1O,-117.799714
CCN1CC(=O)C1C,-25.34906374
CN1C(CO)CC1=O,-73.37485336
COC1CC(=O)C1C,-65.22573554
COC1CC(=O)C1O,-93.31429333
NC1C(CO)OC1=N,-49.05788466
NC1C(CO)OC1=O,-105.2322332
OCC1CC(=O)C1O,-97.01534436
OCC1NC(=N)C1O,-44.64712039
OCC1NC(=O)C1O,-102.3036464
OCC1OC(=N)C1O,-89.17928517
OCC1OC(=O)C1O,-144.4688453
CC1CC(CO)C1=O,-71.90431915
CC1NC(CO)C1=O,-58.43698971
CC1OC(CO)C1=O,-98.36825484
CCC1CC(C)C1=O,-43.10855816
CCC1CC(O)C1=O,-70.6988734
CCC1CN(C)C1=O,-45.76069276
CCC1NC(C)C1=O,-28.91394521
CCC1OC(C)C1=O,-71.45690488
CCN1CC(C)C1=O,-46.90338756
CCN1CC(O)C1=O,-73.44889948
CN1CC(CO)C1=O,-74.38012358
COC1CC(C)C1=O,-64.03974259
COC1CC(O)C1=O,-91.09165468
COC1CN(C)C1=O,-66.29529118
OCC1CC(O)C1=O,-99.16393689
CC1C(O)CC1CO,-76.71405216
CC1CC(CO)C1C,-45.38440781
CC1CC(CO)C1O,-76.46493089
CC1OC(CO)C1C,-79.93443091
CC1OC(CO)C1O,-109.9764258
CCC1CC(C)C1C,-19.85357875
CCC1CC(C)C1O,-50.03990079
CCC1CC(O)C1C,-49.98656248
CCC1CC(O)C1O,-82.43442876
CCC1OC(C)C1C,-52.21484872
CCC1OC(C)C1O,-82.64589946
COC1CC(C)C1C,-45.01794226
COC1CC(C)C1O,-77.04600469
COC1CC(O)C1C,-75.88322958
COC1CC(O)C1O,-108.4898558
OCC1CC(O)C1O,-109.0715571
N=C1NC=CCC1=O,6.034662326
O=C1CC=CCC1=O,-40.46258276
N=C1NCC=CC1=O,1.103065165
O=C1CCC=CC1=O,-45.29503342
O=C1NCC=CC1=O,-49.49021388
N=C1NCCCC1=O,-17.60223821
N=C1NCCNC1=O,-27.3151097
N=C1NCCOC1=O,-62.50867811
N=C1OCCCC1=O,-56.04254077
N=C1OCCNC1=O,-59.31088969
N=C1OCCOC1=N,-41.21477073
N=C1OCCOC1=O,-97.47132301
N=C1OCOCC1=O,-82.1858191
O=C1CCCCC1=O,-70.29613961
O=C1CCCNC1=O,-74.35013043
O=C1CCCOC1=O,-109.1113448
O=C1CCNCC1=O,-52.30885924
O=C1CCOCC1=O,-91.61700744
O=C1COCOC1=O,-134.5405173
O=C1NCCNC1=O,-76.91817875
O=C1NCCOC1=O,-112.7129013
O=C1OCCOC1=O,-148.0978601
CC1=C(C)CCCC1,-16.05225351
CC1=C(C)COCC1,-40.68511647
CC1=CCCCC1=O,-38.48770551
CC1=CCCNC1=O,-39.36963581
CC1=CCCOC1=N,-22.86676347
CC1=CCCOC1=O,-76.68983391
CC1=CCNCC1=O,-19.97833724
CC1=CCOCC1=O,-59.72134952
CC1=CNCCC1=O,-31.26911567
NC1=NCCCC1=O,-27.19309341
NC1=NCCNC1=O,-30.82163279
NC1=NCCOC1=N,-14.21271134
NC1=NCCOC1=O,-67.05686696
CC1C=CCCC1=O,-30.57920328
CC1C=CCNC1=O,-34.47757175
CC1C=CCOC1=N,-14.1431264
CC1C=CCOC1=O,-69.51802783
CC1N=COCC1=O,-54.98644228
CN1C=CCCC1=O,-35.28517647
CN1C=CCNC1=O,-32.25081998
CN1C=CCOC1=O,-68.11080347
NC1C=CCOC1=O,-57.68536064
OC1C=CCCC1=O,-56.71808905
OC1C=CCNC1=O,-64.68962168
OC1C=CCOC1=N,-45.82292105
OC1C=CCOC1=O,-99.80663392
CC1CC=CCC1=O,-31.95470411
CC1CC=CNC1=O,-39.06341117
CC1CN=COC1=O,-70.07114315
CC1OC=NCC1=O,-56.59098407
CN1CC=CCC1=O,-31.85771958
CN1CC=CNC1=O,-33.04399199
NC1CN=COC1=O,-58.76934899
OC1CC=CCC1=O,-63.88299252
OC1CC=CNC1=O,-70.3058317
OC1CN=CNC1=N,-10.32842754
OC1CN=CNC1=O,-65.19128122
OC1CN=COC1=O,-100.2800555
CC1CC=CCC1C,-11.00268456
CC1CC=CCC1O,-43.2033121
CC1CN=COC1C,-41.4107969
CC1OC=NCC1O,-72.37460322
OC1CC=CCC1O,-74.569352
CC1CCC=CC1=O,-33.88178578
CC1CNC=CC1=O,-29.7448951
CC1NCC=CC1=O,-17.1488969
CC1OCC=CC1=O,-57.63237039
CN1CCC=CC1=O,-32.64147895
OC1CCC=CC1=O,-63.10550825
OC1CNC=CC1=O,-62.16577847
CC1C=CCCC1O,-41.64269597
CC1CCC=CC1C,-10.97758418
CC1CCC=CC1O,-42.47100851
CC1COC=NC1C,-39.73032646
CC1N=COCC1O,-70.33331481
CC1OCC=CC1C,-38.31877815
CC1OCC=CC1O,-69.42628414
OC1CCC=CC1O,-74.70238401
CC1=CCCCC1O,-45.33558938
CC1=CCOCC1O,-70.11528957
CC1CCCC=C1C,-14.26259641
CC1COCC=C1C,-38.55095666
CC1OCCC=C1C,-41.31199846
CC1CCCCC1=O,-61.09172541
CC1CCCNC1=O,-63.41692756
CC1CCCOC1=N,-44.53704923
CC1CCCOC1=O,-99.21290508
CC1CCNCC1=O,-43.00969111
CC1CCOCC1=O,-82.75897848
CC1COCCC1=O,-85.43593401
CC1COCOC1=N,-72.70279068
CC1COCOC1=O,-126.2133614
CC1NCCCC1=O,-44.58599497
CC1NCCNC1=O,-47.66107097
CC1NCCOC1=N,-28.53520892
CC1NCCOC1=O,-83.38425739
CC1OCCCC1=O,-85.24956369
CC1OCCNC1=O,-88.61266655
CC1OCCOC1=N,-69.39958068
CC1OCCOC1=O,-124.1557577
CC1OCOCC1=O,-111.0577519
CN1CCCCC1=O,-60.07669449
CN1CCCNC1=O,-57.22431575
CN1CCCOC1=O,-94.63424771
CN1CCNCC1=O,-42.77653703
CN1CCOCC1=O,-83.14768631
NC1CCCOC1=O,-87.28611146
NC1COCOC1=O,-114.4930184
OC1CCCCC1=O,-93.3419262
OC1CCCNC1=O,-95.16072818
OC1CCCOC1=N,-76.64229533
OC1CCCOC1=O,-130.0016362
OC1CCNCC1=O,-74.65183519
OC1CCOCC1=O,-113.9449232
OC1COCCC1=O,-116.7116125
OC1COCOC1=N,-103.4839917
OC1COCOC1=O,-155.7156981
CC1CCCCC1C,-39.31202083
CC1CCCCC1O,-71.30933529
CC1CCCOC1C,-67.6045192
CC1CCOCC1C,-65.11205147
CC1CCOCC1O,-97.80966653
CC1COCCC1O,-96.47118877
CC1COCOC1C,-97.08552057
CC1OCCCC1O,-100.085016
CC1OCCOC1C,-93.12656313
CC1OCOCC1O,-129.2309273
OC1CCCCC1O,-103.7132759
OC1CCOCC1O,-129.3953348
O=C1C=CCCC=C1,-1.481087566
O=C1C=CCNC=C1,5.655926037
O=C1CC=CC=CC1,-2.350188223
O=C1CC=CC=CN1,-12.28331555
O=C1NC=CC=CN1,-9.523808217
O=C1CC=CCC=C1,1.161982448
O=C1NC=CCC=C1,-5.048758523
O=C1NC=NCC=C1,-0.352756875
O=C1OC=NCC=C1,-34.35844979
N=C1OCC=CC=C1,12.00820471
O=C1CCC=CC=C1,-4.323078091
O=C1NCC=CC=C1,-4.495295144
O=C1OCC=CC=C1,-41.46534294
N=C1CCC=CCO1,-6.955005076
N=C1OCC=CCO1,-33.58962335
O=C1CCC=CCC1,-25.87978464
O=C1CCC=CCN1,-25.5374439
O=C1CCC=CCO1,-61.10312544
O=C1CCN=COC1,-46.80811097
O=C1NCC=CCN1,-20.92490101
O=C1NCC=CCO1,-60.95970521
O=C1OCC=CCO1,-92.64800555
N=C1CC=CCCO1,-7.915094611
N=C1CN=COCO1,-39.90955097
N=C1NC=NCCO1,-8.299689324
O=C1CC=CCCN1,-30.32910644
O=C1CC=CCCO1,-61.23615745
O=C1CCCC=CC1,-25.64195854
O=C1CCCC=CN1,-34.70033762
O=C1CCCN=CO1,-63.50739378
O=C1CCOC=NC1,-51.03250492
O=C1CN=COCO1,-93.71442364
O=C1CNCC=CC1,-11.07837
O=C1COCC=CC1,-51.45391185
O=C1COCC=CN1,-56.95556709
O=C1NC=CCCO1,-69.42292584
O=C1NC=NCCO1,-65.0908797
O=C1NCCC=CN1,-32.82185363
O=C1NCCN=CN1,-28.83556522
O=C1NCCN=CO1,-62.43714202
O=C1OCCN=CO1,-97.9658005
N=C1OCCNC=C1,-7.410228913
N=C1OCOCC=C1,-42.79581522
O=C1CCCCC=C1,-28.17646941
O=C1CCCNC=C1,-10.45964563
O=C1CCOCC=C1,-53.10237931
O=C1CNCCC=C1,-12.05226474
O=C1COCCC=C1,-52.82062755
O=C1NCCCC=C1,-30.94532077
O=C1NCCNC=C1,-25.03383322
O=C1OCCCC=C1,-67.88273807
O=C1OCCNC=C1,-62.94828282
O=C1OCOCC=C1,-96.10495538
N=C1CCCCCO1,-37.38657848
N=C1CCCOCO1,-67.98266423
N=C1CCOCCO1,-61.69752907
N=C1COCCCO1,-62.41790998
N=C1OCCCCO1,-70.58243608
N=C1OCCOCO1,-97.41032728
O=C1CCCCCC1,-53.30558754
O=C1CCCCCN1,-60.18839118
O=C1CCCCCO1,-90.97307784
O=C1CCCCOC1,-77.14214095
O=C1CCCOCC1,-79.63335366
O=C1CCCOCO1,-120.6366845
O=C1CCOCCN1,-84.83254932
O=C1CCOCCO1,-114.1739641
O=C1CCOCOC1,-103.9430492
O=C1CNCCCO1,-76.026081
O=C1CNCCNC1,-19.73062313
O=C1CNCCOC1,-60.18146612
O=C1COCCCN1,-82.33066894
O=C1COCCCO1,-117.1420841
O=C1COCCOC1,-103.2527888
O=C1NCCCCN1,-54.12504633
O=C1NCCCCO1,-94.24644684
O=C1NCCOCO1,-123.254306
O=C1OCCCCO1,-127.3799016
O=C1OCCOCO1,-155.1346243
